timestamp,S1_Pompa_RPM,S2_Corrente_A,S3_Pres_Aspirazione_bar,S4_Pres_Mandata_bar,S5_Portata_Lmin,S6_Temp_Fluido_C,S7_Vib_Cuscinetto_Ant_mms,S8_Vib_Cuscinetto_Post_mms,S9_Temp_Motore_C,S10_Efficienza_Pct
0,2870.49,14.57,1.53,5.75,250.3,30.25,1.78,1.61,50.05,85.26
60000,2885.98,15.17,1.5,5.79,251.58,29.94,1.6,1.12,51.4,85.0
120000,2896.54,14.97,1.43,5.87,248.95,30.03,1.62,1.3,49.98,85.4
180000,2892.49,14.93,1.46,5.94,243.07,30.07,1.52,1.33,51.31,84.9
240000,2891.61,14.97,1.52,5.68,255.42,30.22,1.59,1.27,51.8,84.64
300000,2892.42,15.07,1.42,5.97,247.25,30.26,1.56,1.28,51.04,84.49
360000,2893.19,14.9,1.54,5.88,246.99,30.28,1.59,1.56,51.42,85.6
420000,2872.28,14.58,1.51,5.77,247.29,30.29,1.69,1.31,49.95,85.56
480000,2893.58,15.18,1.45,5.94,255.35,30.24,1.55,1.36,51.48,85.08
540000,2901.88,14.92,1.47,6.06,253.59,30.13,1.8,1.52,50.97,85.35
600000,2892.64,15.13,1.52,5.78,251.47,30.2,1.74,1.48,50.43,85.39
660000,2890.44,15.18,1.52,5.85,251.18,30.15,1.6,1.43,50.83,85.03
720000,2886.24,15.12,1.43,5.84,246.49,30.07,1.72,1.48,51.95,85.17
780000,2895.05,15.94,1.55,5.72,254.94,30.52,1.63,1.45,52.69,84.79
840000,2899.64,15.28,1.48,5.9,250.75,30.06,1.76,1.4,51.79,85.02
900000,2893.99,15.6,1.49,5.92,254.2,30.37,1.68,1.47,51.89,84.78
960000,2917.5,15.33,1.5,6.06,249.53,30.32,1.68,1.37,51.43,84.84
1020000,2893.69,15.3,1.56,6.02,253.37,30.7,1.69,1.46,51.43,85.15
1080000,2902.07,15.53,1.48,5.95,251.64,29.95,1.73,1.45,52.15,85.23
1140000,2914.89,15.44,1.46,5.86,250.18,30.29,1.69,1.3,51.46,84.94
1200000,2924.08,15.72,1.53,6.12,252.13,30.34,1.77,1.51,51.87,84.65
1260000,2905.43,15.15,1.48,5.98,253.58,30.13,1.6,1.31,51.38,85.31
1320000,2912.22,15.16,1.49,5.95,251.84,30.1,1.56,1.15,51.08,85.25
1380000,2894.6,15.13,1.48,5.97,251.56,30.31,1.51,1.38,51.12,84.91
1440000,2897.6,15.17,1.4,5.88,252.43,30.48,1.63,1.33,51.61,85.36
1500000,2908.49,15.28,1.58,6.05,248.3,29.99,1.6,1.21,51.81,84.76
1560000,2931.96,16.14,1.56,6.15,247.28,30.57,1.72,1.49,53.24,85.05
1620000,2904.12,15.63,1.51,5.84,252.46,30.04,1.6,1.36,52.16,84.69
1680000,2955.6,16.41,1.49,6.04,257.85,30.11,1.62,1.39,54.41,83.49
1740000,2922.34,15.52,1.43,5.95,258.23,30.24,1.66,1.39,51.82,84.49
1800000,2920.85,15.58,1.52,6.03,250.79,30.39,1.78,1.54,51.07,84.88
1860000,2900.86,15.58,1.51,5.78,252.71,30.31,1.69,1.49,51.78,85.51
1920000,2922.7,16.0,1.5,5.95,251.61,30.12,1.55,1.45,52.01,85.54
1980000,2946.53,16.06,1.55,5.97,250.33,29.89,1.87,1.72,52.48,84.32
2040000,2931.67,15.4,1.57,6.04,253.47,30.04,1.5,1.27,51.49,84.47
2100000,2936.69,15.88,1.52,6.06,253.72,30.41,1.77,1.55,52.33,84.4
2160000,2946.34,16.23,1.43,6.04,256.18,30.32,1.73,1.47,53.07,84.03
2220000,2923.25,15.7,1.43,6.03,249.27,30.25,1.65,1.34,51.22,85.45
2280000,2935.89,15.68,1.5,6.0,256.94,30.07,1.75,1.58,52.23,84.4
2340000,2933.66,15.77,1.52,5.95,250.15,30.31,1.7,1.49,52.58,84.17
2400000,2933.26,15.69,1.43,6.04,248.51,30.03,1.71,1.43,51.95,85.17
2460000,2898.21,15.18,1.51,5.91,247.43,30.27,1.68,1.35,50.84,85.25
2520000,2948.76,16.09,1.57,6.09,255.67,30.56,1.77,1.65,52.67,84.11
2580000,2915.72,15.68,1.57,6.07,248.58,30.22,1.69,1.3,52.21,84.42
2640000,2952.94,16.0,1.51,6.05,255.4,31.29,1.6,1.38,53.96,83.83
2700000,2932.72,15.92,1.56,5.9,256.19,31.49,1.75,1.36,53.84,84.37
2760000,2925.61,15.88,1.49,5.88,248.81,31.27,1.57,1.38,53.77,83.83
2820000,2934.72,15.56,1.48,5.8,257.83,31.55,1.67,1.36,53.46,84.13
2880000,2946.92,16.03,1.57,6.12,251.63,31.09,1.61,1.35,54.32,83.57
2940000,2957.99,15.98,1.42,6.21,255.52,31.58,1.76,1.39,53.12,84.2
3000000,2949.35,15.69,1.47,6.0,253.35,31.25,1.68,1.43,53.49,84.43
3060000,2928.58,15.73,1.52,6.04,248.86,31.02,1.61,1.44,53.11,84.08
3120000,2942.51,15.99,1.45,6.08,250.17,31.39,1.61,1.29,52.89,84.28
3180000,2928.91,15.67,1.6,6.12,250.79,31.64,1.57,1.36,53.27,84.79
3240000,2941.67,15.72,1.51,6.15,253.65,31.18,1.65,1.44,53.75,84.11
3300000,2958.15,16.13,1.53,5.99,255.49,31.37,1.64,1.37,55.2,84.36
3360000,2909.78,15.57,1.46,5.99,255.44,31.35,1.55,1.31,52.91,84.89
3420000,2923.55,15.48,1.44,5.9,250.99,31.31,1.86,1.55,53.06,84.72
3480000,2925.96,15.7,1.53,5.87,253.38,31.52,1.58,1.39,53.33,85.15
3540000,2883.48,15.1,1.46,5.88,249.98,31.06,1.5,1.45,52.1,85.2
3600000,2940.43,15.76,1.51,5.97,248.47,31.2,1.57,1.32,53.78,83.9
3660000,2917.44,15.23,1.44,6.06,250.13,31.36,1.51,1.26,52.86,84.53
3720000,2933.99,16.05,1.55,5.91,250.39,31.27,1.64,1.4,53.68,84.0
3780000,2911.92,15.54,1.61,6.03,250.46,31.39,1.54,1.35,52.78,84.14
3840000,2942.93,16.03,1.55,6.15,247.06,31.24,1.7,1.38,53.75,84.48
3900000,2925.35,15.63,1.49,6.11,255.88,31.23,1.73,1.59,53.01,84.64
3960000,2941.45,16.0,1.49,6.24,251.89,31.07,1.6,1.21,52.9,84.43
4020000,2925.75,15.52,1.52,6.0,249.18,31.26,1.67,1.32,53.29,84.49
4080000,2935.71,15.59,1.5,6.06,256.15,31.83,1.79,1.4,52.35,84.35
4140000,2921.94,15.26,1.6,6.06,251.59,31.29,1.57,1.3,52.23,85.16
4200000,2925.82,15.74,1.51,6.13,249.91,31.32,1.69,1.46,52.88,84.72
4260000,2906.17,15.25,1.42,6.07,250.97,31.34,1.73,1.44,52.59,84.7
4320000,2917.91,15.64,1.49,5.82,254.85,31.16,1.8,1.55,54.14,84.16
4380000,2898.1,15.4,1.55,5.84,242.62,31.57,1.65,1.48,52.93,84.81
4440000,2907.76,15.47,1.45,5.99,247.29,31.5,1.76,1.54,53.43,84.72
4500000,2900.07,15.06,1.56,5.8,249.21,31.46,1.68,1.35,51.39,85.26
4560000,2910.62,15.7,1.4,5.99,256.28,31.58,1.76,1.47,53.51,84.52
4620000,2879.33,15.4,1.45,5.92,246.26,31.49,1.48,1.32,52.8,84.85
4680000,2895.71,15.56,1.49,5.97,245.98,31.07,1.76,1.42,53.02,84.78
4740000,2872.82,14.8,1.5,5.79,244.31,31.46,1.65,1.42,52.07,84.78
4800000,2908.2,15.19,1.49,5.9,247.97,31.15,1.62,1.35,52.4,85.05
4860000,2873.21,14.83,1.44,5.88,246.79,31.24,1.7,1.4,51.62,84.93
4920000,2888.86,14.85,1.64,5.82,245.91,31.01,1.79,1.49,51.11,85.44
4980000,2871.17,14.81,1.52,5.78,242.1,31.28,1.47,1.3,52.1,84.64
5040000,2875.3,15.03,1.45,5.71,251.83,31.28,1.63,1.31,52.19,85.02
5100000,2891.64,15.27,1.51,5.96,247.33,31.42,1.76,1.41,52.65,85.26
5160000,2892.78,15.13,1.49,5.86,250.56,31.24,1.65,1.42,52.52,84.74
5220000,2891.68,15.03,1.52,5.8,247.08,31.16,1.6,1.37,52.04,85.21
5280000,2877.03,15.21,1.42,5.83,244.75,31.17,1.58,1.43,52.04,84.81
5340000,2902.69,15.56,1.58,5.93,257.52,31.29,1.6,1.29,53.66,84.56
5400000,2884.31,15.26,1.42,5.85,252.98,31.1,1.78,1.61,52.04,85.55
5460000,2873.79,14.65,1.5,5.81,248.38,31.51,1.66,1.36,51.37,85.55
5520000,2869.77,14.82,1.43,5.85,250.63,31.85,1.64,1.43,51.32,85.35
5580000,2894.51,15.3,1.5,5.95,245.95,30.91,1.61,1.39,51.33,85.32
5640000,2888.95,14.84,1.44,5.78,247.64,30.88,1.57,1.27,51.95,85.08
5700000,2871.15,15.0,1.51,5.74,247.64,31.35,1.66,1.4,51.4,84.86
5760000,2902.98,15.36,1.44,5.8,250.44,31.29,1.8,1.54,51.8,85.41
5820000,2861.83,14.82,1.52,5.73,248.16,31.52,1.6,1.47,51.97,84.38
5880000,2873.79,14.69,1.46,5.83,247.52,30.94,1.75,1.5,52.05,84.77
5940000,2875.35,14.51,1.52,5.85,247.67,31.55,1.77,1.35,51.37,84.43
6000000,2872.62,15.06,1.51,5.86,246.08,31.63,1.71,1.4,53.12,84.41
6060000,2879.41,14.97,1.53,5.77,248.13,31.18,1.9,1.66,51.61,84.55
6120000,2881.66,15.39,1.55,5.82,248.35,31.24,1.6,1.4,52.58,84.25
6180000,2879.57,15.19,1.49,5.87,246.49,31.14,1.66,1.54,52.21,84.44
6240000,2899.62,15.43,1.51,5.84,251.36,32.04,1.51,1.31,53.04,84.79
6300000,2872.14,15.07,1.55,5.78,249.91,32.06,1.68,1.5,52.71,84.26
6360000,2892.03,15.4,1.5,5.81,245.4,32.17,1.75,1.43,53.23,84.71
6420000,2899.37,15.3,1.43,5.71,246.86,32.38,1.57,1.44,52.99,84.68
6480000,2857.89,14.8,1.56,5.68,246.03,31.85,1.61,1.46,52.79,84.64
6540000,2884.36,14.78,1.51,5.96,247.67,31.9,1.64,1.4,52.88,84.76
6600000,2887.29,14.98,1.56,5.74,249.24,32.11,1.59,1.1,53.44,84.79
6660000,2857.02,14.78,1.46,5.73,249.71,32.04,1.62,1.38,52.93,84.28
6720000,2868.62,14.6,1.57,5.57,245.14,32.09,1.62,1.38,52.29,84.46
6780000,2863.86,14.69,1.48,5.65,242.65,32.32,1.64,1.44,52.11,84.15
6840000,2867.25,14.77,1.51,5.78,252.75,31.91,1.5,1.23,52.59,84.59
6900000,2887.54,15.12,1.43,5.94,252.91,31.92,1.56,1.22,52.15,84.99
6960000,2882.29,14.73,1.46,5.75,249.37,31.8,1.71,1.38,52.39,84.26
7020000,2862.31,14.76,1.46,5.84,242.81,31.99,1.56,1.32,52.65,84.39
7080000,2867.6,14.65,1.43,5.6,245.88,31.96,1.61,1.31,52.38,84.41
7140000,2871.36,15.36,1.53,5.83,246.28,31.86,1.56,1.23,53.85,83.99
7200000,2877.83,14.73,1.55,5.83,249.9,32.01,1.6,1.17,52.25,84.77
7260000,2886.22,14.94,1.55,6.03,251.69,31.79,1.58,1.31,52.75,84.63
7320000,2892.77,15.33,1.45,5.75,248.08,32.01,1.58,1.49,52.98,84.34
7380000,2881.8,15.33,1.49,5.8,252.22,31.81,1.6,1.5,53.33,84.67
7440000,2869.6,14.89,1.58,5.63,248.77,32.07,1.52,1.3,52.52,84.68
7500000,2900.88,15.46,1.45,5.83,249.95,32.16,1.68,1.41,53.21,84.89
7560000,2902.07,15.11,1.48,5.71,250.26,32.26,1.64,1.53,52.96,84.9
7620000,2868.73,14.85,1.5,5.83,248.05,32.17,1.44,1.13,52.2,84.97
7680000,2874.38,15.17,1.59,5.7,244.89,31.98,1.65,1.49,53.63,84.38
7740000,2877.5,15.07,1.5,5.77,247.45,32.11,1.59,1.17,52.16,84.82
7800000,2894.51,14.95,1.54,5.91,249.1,31.89,1.57,1.3,52.23,85.22
7860000,2865.96,14.88,1.52,5.84,250.71,32.07,1.7,1.4,52.28,84.84
7920000,2901.6,15.28,1.56,6.0,245.86,31.66,1.66,1.24,54.51,84.33
7980000,2873.62,15.1,1.52,5.87,250.33,32.28,1.48,1.26,52.68,85.3
8040000,2910.09,15.22,1.46,5.79,252.74,31.68,1.64,1.3,53.71,84.64
8100000,2876.74,15.02,1.52,5.82,249.87,32.16,1.73,1.54,52.74,84.45
8160000,2897.11,15.29,1.53,5.9,251.05,31.66,1.59,1.36,54.08,84.89
8220000,2906.8,15.64,1.46,6.05,252.83,32.31,1.67,1.4,53.66,84.46
8280000,2901.95,15.33,1.54,5.93,250.5,32.05,1.64,1.27,53.33,84.68
8340000,2881.64,14.61,1.47,5.77,248.67,32.25,1.57,1.16,52.66,84.87
8400000,2901.5,15.32,1.56,5.95,248.01,31.77,1.91,1.53,54.27,84.56
8460000,2886.09,15.22,1.48,5.69,252.01,32.32,1.49,1.23,52.94,84.8
8520000,2893.49,15.26,1.46,5.8,247.31,31.69,1.74,1.44,53.15,84.5
8580000,2884.05,15.09,1.47,5.74,251.12,32.12,1.6,1.38,52.87,84.5
8640000,2887.13,15.17,1.52,5.77,250.39,32.03,1.58,1.31,53.91,85.0
8700000,2910.43,15.5,1.42,5.92,258.66,31.86,1.59,1.18,53.79,84.05
8760000,2927.84,15.9,1.42,5.95,249.12,32.2,1.62,1.34,54.17,84.4
8820000,2900.63,15.24,1.42,5.91,252.21,31.9,1.68,1.55,53.38,84.54
8880000,2904.01,15.12,1.51,5.76,246.74,31.84,1.64,1.31,53.86,84.88
8940000,2935.3,15.92,1.53,5.97,250.13,32.07,1.67,1.49,53.81,84.53
9000000,2904.96,15.45,1.46,5.92,249.14,32.37,1.82,1.49,53.55,84.84
9060000,2953.48,16.05,1.56,6.07,255.19,31.8,1.56,1.34,53.87,84.12
9120000,2910.86,15.55,1.53,5.98,255.26,31.85,1.76,1.44,53.41,84.4
9180000,2914.29,15.45,1.53,5.94,250.34,32.47,1.58,1.32,53.73,85.02
9240000,2923.63,15.56,1.49,5.97,250.29,32.08,1.58,1.37,52.94,84.28
9300000,2942.19,15.78,1.52,6.1,254.42,31.96,1.7,1.57,54.01,84.58
9360000,2926.37,15.8,1.53,5.95,242.98,32.09,1.6,1.34,54.92,84.08
9420000,2932.17,15.87,1.45,6.08,247.0,32.11,1.61,1.28,53.5,84.28
9480000,2924.12,15.66,1.58,5.94,249.46,32.08,1.64,1.49,53.94,84.37
9540000,2943.28,16.32,1.5,5.93,248.39,32.37,1.57,1.33,54.71,84.28
9600000,2924.53,15.99,1.46,6.0,256.29,31.85,1.67,1.51,54.72,84.28
9660000,2914.0,15.32,1.49,5.83,253.38,32.05,1.64,1.41,53.06,84.59
9720000,2944.74,16.17,1.53,6.13,250.4,32.15,1.66,1.4,54.47,83.93
9780000,2952.8,16.29,1.49,5.96,251.73,32.1,1.67,1.35,54.19,84.03
9840000,2943.7,15.69,1.49,6.06,253.23,32.47,1.64,1.36,54.01,84.16
9900000,2926.05,15.74,1.41,6.06,251.28,32.62,1.51,1.18,54.46,83.58
9960000,2925.11,15.58,1.62,6.02,244.65,32.52,1.67,1.26,54.99,84.02
10020000,2932.01,16.0,1.46,6.09,251.48,32.07,1.68,1.46,54.43,84.16
10080000,2921.63,15.75,1.48,6.0,255.03,32.28,1.79,1.49,53.82,84.31
10140000,2946.39,15.65,1.48,6.31,250.37,32.07,1.6,1.42,54.81,83.88
10200000,2943.56,16.05,1.52,6.09,248.39,32.37,1.76,1.66,53.98,84.28
10260000,2926.69,15.81,1.51,5.93,250.45,32.47,1.67,1.46,54.07,84.47
10320000,2939.46,15.8,1.53,6.19,255.57,32.2,1.73,1.38,54.31,83.47
10380000,2942.98,16.07,1.55,6.21,247.55,32.42,1.82,1.41,54.96,83.98
10440000,2912.51,14.95,1.47,6.17,248.54,32.38,1.57,1.38,53.04,84.47
10500000,2930.37,15.44,1.55,6.06,248.79,32.2,1.67,1.49,53.89,84.24
10560000,2945.42,15.91,1.45,6.22,247.79,32.19,1.75,1.47,55.74,83.64
10620000,2915.08,15.67,1.51,5.93,252.3,32.22,1.74,1.5,53.27,84.34
10680000,2932.62,16.05,1.54,5.89,251.2,32.27,1.64,1.47,55.18,84.11
10740000,2933.43,15.51,1.46,6.17,251.99,32.25,1.58,1.42,53.95,84.24
10800000,2909.42,15.4,1.54,5.61,253.32,32.5,1.58,1.31,54.18,84.24
10860000,2926.9,15.5,1.5,5.98,254.62,32.21,1.64,1.4,54.08,84.45
10920000,2918.31,15.73,1.53,5.84,251.32,32.28,1.54,1.31,54.81,84.49
10980000,2938.7,15.83,1.49,6.05,255.63,32.67,1.69,1.43,54.96,84.06
11040000,2934.13,16.07,1.5,6.04,253.9,32.03,1.68,1.31,55.01,84.2
11100000,2901.06,15.38,1.45,5.74,248.42,32.44,1.59,1.33,53.42,84.78
11160000,2952.94,16.18,1.48,5.96,252.08,31.73,1.68,1.49,55.49,84.17
11220000,2932.52,15.88,1.53,5.94,260.88,32.17,1.64,1.55,53.36,84.99
11280000,2917.21,15.75,1.45,6.08,249.31,32.28,1.58,1.3,54.06,84.69
11340000,2909.84,15.47,1.49,5.91,250.18,32.72,1.58,1.31,53.63,84.3
11400000,2933.91,15.79,1.41,6.21,247.36,32.4,1.61,1.39,53.83,84.06
11460000,2914.35,15.49,1.46,6.04,250.18,32.25,1.65,1.32,53.57,84.6
11520000,2912.42,15.5,1.49,5.97,247.91,32.38,1.63,1.36,55.45,84.6
11580000,2949.29,15.78,1.49,6.14,251.45,32.44,1.73,1.55,53.93,84.66
11640000,2902.05,15.42,1.46,6.03,249.92,31.99,1.71,1.4,53.95,84.61
11700000,2915.3,15.56,1.41,5.82,251.18,32.41,1.68,1.44,54.41,84.23
11760000,2871.16,14.79,1.5,5.78,246.39,32.14,1.59,1.4,52.46,84.89
11820000,2909.7,15.46,1.54,5.81,250.41,32.45,1.81,1.48,53.28,84.91
11880000,2925.3,15.73,1.62,5.93,249.71,31.88,1.73,1.55,54.03,84.0
11940000,2913.85,15.6,1.58,6.0,247.73,32.28,1.76,1.51,53.22,84.21
12000000,2895.57,15.24,1.57,5.96,250.59,32.33,1.76,1.43,53.13,84.56
12060000,2903.43,15.5,1.52,5.9,248.34,32.33,1.65,1.5,53.52,84.35
12120000,2906.06,15.57,1.51,5.94,254.4,32.37,1.57,1.32,54.54,84.44
12180000,2887.11,15.05,1.48,5.85,249.0,32.34,1.78,1.44,53.24,85.21
12240000,2875.83,14.94,1.52,5.68,246.01,32.38,1.58,1.29,53.42,84.02
12300000,2898.29,15.36,1.53,6.1,243.54,32.67,1.62,1.35,53.09,85.01
12360000,2891.62,15.08,1.5,5.96,249.43,32.42,1.43,1.19,53.39,84.61
12420000,2898.32,15.08,1.55,6.02,251.91,32.67,1.45,1.24,53.06,84.98
12480000,2904.57,15.54,1.47,6.01,246.14,32.2,1.76,1.36,53.42,84.51
12540000,2882.99,14.95,1.66,5.86,248.96,32.43,1.58,1.46,51.95,85.06
12600000,2878.36,15.04,1.59,5.67,250.37,31.99,1.6,1.33,53.35,84.31
12660000,2882.31,14.62,1.46,5.87,248.56,32.22,1.67,1.3,52.26,84.67
12720000,2897.48,15.14,1.43,5.93,249.48,32.4,1.62,1.47,53.49,84.56
12780000,2876.55,14.61,1.47,5.73,244.81,32.14,1.57,1.29,52.37,84.03
12840000,2885.01,14.64,1.4,5.82,248.12,32.36,1.59,1.37,51.91,85.06
12900000,2881.17,14.95,1.51,5.94,247.86,31.95,1.55,1.1,52.7,84.19
12960000,2882.74,15.01,1.51,5.78,251.69,32.1,1.61,1.38,52.27,85.21
13020000,2879.62,15.07,1.49,5.76,246.77,32.05,1.69,1.49,53.02,84.36
13080000,2900.2,15.1,1.56,5.96,250.78,32.36,1.61,1.44,52.89,84.57
13140000,2872.35,14.87,1.56,5.88,248.04,32.39,1.53,1.22,53.01,84.1
13200000,2888.67,15.15,1.5,5.94,246.39,32.21,1.57,1.3,52.98,84.57
13260000,2855.47,14.73,1.53,5.6,244.35,32.29,1.64,1.35,52.15,84.29
13320000,2878.12,14.66,1.45,5.79,246.14,32.64,1.54,1.3,53.01,84.27
13380000,2884.7,15.26,1.38,5.82,247.04,32.19,1.66,1.37,52.54,84.62
13440000,2889.1,15.16,1.51,5.86,250.13,31.8,1.58,1.35,51.81,85.39
13500000,2882.13,15.18,1.56,5.9,254.54,32.02,1.69,1.51,53.7,84.73
13560000,2905.32,14.88,1.51,5.9,247.68,31.91,1.75,1.42,52.51,84.7
13620000,2892.61,15.3,1.47,5.73,251.4,31.91,1.49,1.3,52.01,84.99
13680000,2852.31,14.47,1.52,5.93,245.24,31.9,1.35,1.09,52.69,84.88
13740000,2876.8,14.88,1.5,5.82,246.7,32.13,1.6,1.44,52.77,84.65
13800000,2886.11,15.1,1.51,5.72,244.16,31.92,1.64,1.52,52.63,84.61
13860000,2893.24,15.1,1.51,5.98,246.49,31.91,1.47,1.17,52.38,84.68
13920000,2886.49,14.74,1.62,5.7,246.21,32.05,1.69,1.41,53.39,84.54
13980000,2879.16,15.05,1.45,5.64,246.1,32.11,1.79,1.55,53.17,84.52
14040000,2867.7,14.54,1.53,5.85,248.72,31.84,1.45,1.31,51.62,84.38
14100000,2865.08,14.52,1.47,5.67,246.96,32.24,1.58,1.37,52.01,84.71
14160000,2888.24,15.06,1.47,5.8,247.11,32.27,1.67,1.37,53.02,84.51
14220000,2875.35,14.61,1.45,5.85,241.63,32.25,1.61,1.55,52.27,84.53
14280000,2857.66,14.82,1.53,5.84,245.11,32.1,1.43,1.1,52.76,84.01
14340000,2859.39,14.39,1.54,5.59,243.36,32.25,1.53,1.32,52.07,84.91
14400000,2878.87,15.2,1.48,5.73,255.52,31.89,1.7,1.4,52.91,84.03
14460000,2862.68,14.32,1.45,5.65,245.51,32.07,1.63,1.36,51.89,84.75
14520000,2879.45,14.64,1.48,6.03,248.22,31.59,1.65,1.31,52.37,84.92
14580000,2868.29,15.22,1.55,5.68,248.68,31.99,1.7,1.39,52.92,84.29
14640000,2861.96,14.43,1.45,5.81,248.63,32.19,1.47,1.32,52.12,84.45
14700000,2862.45,14.66,1.59,5.5,246.23,31.74,1.65,1.53,52.31,84.3
14760000,2846.48,13.99,1.46,5.76,248.48,31.86,1.48,1.16,52.47,84.0
14820000,2867.79,14.99,1.49,5.81,253.56,31.94,1.5,1.35,53.61,84.2
14880000,2881.94,15.37,1.46,5.71,251.86,32.03,1.7,1.38,53.55,84.64
14940000,2877.57,15.04,1.56,5.72,246.38,32.16,1.63,1.34,53.54,84.72
15000000,2856.1,14.6,1.47,5.77,240.12,31.76,1.61,1.33,51.56,84.66
15060000,2871.35,14.91,1.43,5.73,247.16,32.45,1.5,1.46,52.67,84.59
15120000,2871.37,15.27,1.46,5.62,252.44,31.63,1.59,1.24,52.69,84.6
15180000,2843.82,14.44,1.54,5.6,239.28,32.28,1.71,1.49,52.54,84.54
15240000,2864.0,14.6,1.55,5.84,247.19,32.24,1.62,1.41,52.26,84.53
15300000,2859.13,14.75,1.52,5.73,245.03,31.97,1.63,1.42,52.34,84.63
15360000,2889.03,15.28,1.5,5.76,250.77,31.75,1.76,1.63,53.17,84.51
15420000,2908.16,15.47,1.52,5.94,258.14,32.09,1.67,1.42,54.19,84.23
15480000,2900.52,15.08,1.51,6.11,246.66,32.18,1.71,1.52,51.98,85.13
15540000,2901.0,15.33,1.5,5.94,247.99,32.26,1.6,1.32,53.77,84.7
15600000,2915.37,15.42,1.43,5.92,254.73,32.12,1.47,1.33,53.44,84.57
15660000,2881.55,14.62,1.52,5.84,248.52,32.17,1.55,1.26,51.94,84.73
15720000,2894.7,15.29,1.48,5.95,249.74,31.9,1.76,1.52,52.92,84.79
15780000,2899.0,14.88,1.49,5.75,245.65,31.82,1.83,1.48,52.98,84.3
15840000,2885.31,15.05,1.5,5.86,257.37,31.9,1.56,1.32,52.62,84.8
15900000,2900.0,15.2,1.58,6.05,247.62,32.17,1.61,1.31,52.48,84.98
15960000,2903.53,15.56,1.47,5.81,248.86,32.21,1.54,1.3,53.09,84.68
16020000,2892.95,15.1,1.51,5.8,252.45,32.0,1.7,1.47,52.62,84.94
16080000,2905.13,15.01,1.46,5.84,249.47,32.06,1.71,1.39,52.91,84.11
16140000,2908.72,15.29,1.4,5.89,250.68,31.86,1.74,1.55,52.92,84.75
16200000,2900.62,15.39,1.61,5.91,247.11,31.77,1.46,1.24,53.74,84.52
16260000,2932.86,15.26,1.6,6.1,251.62,32.02,1.59,1.36,53.41,84.2
16320000,2914.14,15.55,1.52,5.81,253.89,31.89,1.65,1.41,53.24,84.65
16380000,2923.57,15.47,1.49,6.12,260.03,31.79,1.65,1.47,53.62,84.59
16440000,2909.16,15.36,1.55,6.14,248.88,32.01,1.72,1.46,53.4,84.69
16500000,2899.55,15.36,1.5,5.72,252.23,31.61,1.52,1.38,52.64,84.47
16560000,2917.17,15.22,1.41,5.78,250.11,31.68,1.9,1.69,52.41,84.52
16620000,2909.87,15.24,1.53,6.0,246.84,31.79,1.5,1.39,53.46,84.49
16680000,2932.45,15.85,1.4,6.16,251.32,31.74,1.76,1.56,53.7,84.03
16740000,2947.1,15.86,1.43,6.08,256.93,31.89,1.73,1.45,54.57,83.77
16800000,2944.17,15.46,1.55,6.05,259.69,31.8,1.56,1.31,53.86,84.31
16860000,2914.46,15.57,1.46,5.74,254.02,31.87,1.65,1.46,53.63,84.45
16920000,2932.5,15.75,1.49,6.02,259.04,32.1,1.72,1.52,54.15,84.5
16980000,2910.71,15.21,1.53,5.91,250.96,32.26,1.68,1.29,52.73,85.1
17040000,2912.7,15.43,1.48,6.05,249.16,31.34,1.66,1.33,52.47,84.93
17100000,2930.16,15.58,1.47,6.21,247.84,31.37,1.71,1.55,53.8,84.63
17160000,2920.62,15.66,1.43,6.17,246.85,31.5,1.89,1.74,52.94,84.84
17220000,2923.78,15.92,1.44,5.87,250.06,31.47,1.69,1.57,52.91,84.25
17280000,2926.55,15.8,1.45,5.9,254.76,31.23,1.75,1.35,53.4,83.83
17340000,2964.23,16.29,1.57,6.01,254.96,31.21,1.79,1.52,54.27,84.2
17400000,2949.66,16.09,1.57,6.09,254.76,31.78,1.6,1.29,54.0,84.38
17460000,2915.5,15.91,1.48,6.03,251.3,31.32,1.75,1.48,52.8,84.24
17520000,2920.79,15.64,1.42,6.05,252.24,31.51,1.63,1.48,52.47,84.82
17580000,2938.78,15.89,1.5,5.99,256.13,31.64,1.72,1.41,53.41,84.03
17640000,2928.1,15.83,1.46,5.94,253.45,31.36,1.64,1.36,53.2,84.35
17700000,2918.62,15.38,1.43,6.11,250.57,31.44,1.69,1.46,52.54,84.32
17760000,2926.54,15.46,1.52,5.98,246.76,31.45,1.81,1.5,52.72,84.36
17820000,2923.56,15.23,1.49,5.97,254.85,31.08,1.73,1.51,52.95,83.79
17880000,2924.89,15.78,1.52,6.04,251.19,31.39,1.59,1.35,54.18,84.61
17940000,2953.87,16.24,1.42,6.12,255.24,31.18,1.5,1.27,53.76,84.0
18000000,2979.21,16.64,1.57,6.21,255.95,30.79,1.7,1.54,53.85,83.73
18060000,2952.4,16.19,1.52,6.1,254.57,31.64,1.82,1.64,54.1,84.47
18120000,2926.89,15.64,1.41,6.09,249.24,31.51,1.74,1.57,52.95,84.32
18180000,2914.65,15.35,1.44,5.8,251.51,31.18,1.56,1.29,52.81,85.18
18240000,2951.66,16.33,1.54,6.12,260.79,31.35,1.77,1.56,54.4,83.96
18300000,2925.48,15.77,1.5,5.85,253.03,31.44,1.61,1.21,52.63,84.58
18360000,2944.21,15.73,1.53,6.07,253.46,31.41,1.6,1.27,53.24,84.75
18420000,2913.53,15.46,1.42,5.91,248.18,31.33,1.42,1.33,52.67,85.02
18480000,2936.44,15.96,1.57,6.08,256.25,31.3,1.63,1.34,53.68,84.66
18540000,2951.77,16.2,1.55,5.98,254.03,31.4,1.64,1.5,54.33,83.49
18600000,2916.99,15.86,1.48,6.13,246.29,31.48,1.56,1.32,53.54,84.35
18660000,2938.79,15.97,1.52,6.09,249.92,31.38,1.48,1.22,54.19,83.86
18720000,2929.54,15.73,1.47,5.81,252.41,31.54,1.74,1.45,53.28,84.12
18780000,2903.27,15.43,1.45,5.93,250.19,31.46,1.93,1.59,52.37,84.59
18840000,2909.74,15.02,1.5,6.06,246.72,31.3,1.73,1.54,51.89,84.96
18900000,2919.49,15.25,1.49,6.03,252.17,31.4,1.62,1.49,52.61,85.26
18960000,2904.84,15.12,1.49,5.8,254.28,31.42,1.44,1.16,51.9,84.87
19020000,2874.43,14.51,1.51,5.68,247.16,30.81,1.74,1.37,51.46,85.07
19080000,2915.99,15.41,1.55,5.93,253.75,31.49,1.58,1.41,52.84,84.25
19140000,2912.93,15.69,1.5,5.87,253.85,31.54,1.61,1.32,53.15,84.16
19200000,2917.18,15.54,1.45,5.91,252.63,31.07,1.65,1.4,52.42,84.76
19260000,2896.86,15.38,1.49,5.98,250.04,31.56,1.65,1.36,52.46,84.94
19320000,2911.55,15.38,1.57,5.88,248.42,31.25,1.66,1.43,52.27,84.25
19380000,2879.23,15.51,1.46,5.91,248.66,31.15,1.62,1.45,52.54,84.26
19440000,2899.48,15.29,1.44,5.9,250.01,31.14,1.67,1.57,53.0,84.8
19500000,2905.85,15.39,1.44,5.97,252.95,31.41,1.36,1.27,53.42,85.0
19560000,2895.81,15.14,1.52,5.93,248.98,31.29,1.67,1.52,51.98,84.5
19620000,2875.61,14.55,1.5,5.73,249.85,31.05,1.61,1.45,51.01,84.99
19680000,2871.55,15.01,1.5,5.84,249.85,31.31,1.58,1.4,53.25,84.19
19740000,2882.94,15.07,1.61,5.79,249.45,31.24,1.68,1.39,52.2,84.87
19800000,2903.77,15.79,1.44,5.77,243.33,31.4,1.7,1.46,53.55,84.03
19860000,2894.08,14.82,1.51,5.88,248.05,31.68,1.65,1.51,51.39,85.24
19920000,2896.52,15.21,1.56,5.94,250.86,31.62,1.8,1.46,51.85,84.75
19980000,2863.84,14.89,1.57,5.8,248.42,31.36,1.66,1.35,51.77,83.98
20040000,2882.66,15.11,1.5,5.84,249.93,31.09,1.5,1.5,52.09,84.96
20100000,2894.17,15.11,1.57,5.79,249.67,31.49,1.61,1.43,53.4,84.76
20160000,2875.98,14.78,1.44,5.77,242.48,31.13,1.36,1.07,51.54,85.04
20220000,2873.95,15.06,1.57,5.77,241.83,31.36,1.53,1.38,52.18,84.28
20280000,2928.24,15.97,1.55,5.99,253.27,31.48,1.77,1.55,53.71,84.1
20340000,2871.64,14.76,1.52,6.03,247.08,31.25,1.5,1.15,51.35,85.45
20400000,2886.56,15.34,1.48,5.7,249.09,31.3,1.62,1.45,53.33,84.66
20460000,2901.26,15.2,1.46,5.91,255.7,30.97,1.75,1.48,52.41,85.02
20520000,2858.74,14.86,1.47,5.62,245.68,31.4,1.78,1.4,52.07,84.12
20580000,2882.69,14.82,1.44,5.91,249.29,31.15,1.56,1.26,51.77,84.57
20640000,2889.21,15.33,1.48,5.92,248.33,30.31,1.34,1.25,52.35,85.0
20700000,2883.69,15.11,1.54,5.85,247.47,30.41,1.51,1.15,50.88,85.32
20760000,2850.73,14.39,1.61,5.64,243.31,29.75,1.44,1.23,50.34,84.66
20820000,2903.17,15.5,1.43,5.74,250.07,30.17,1.81,1.5,51.57,84.86
20880000,2879.85,15.1,1.5,5.82,245.79,30.1,1.7,1.5,52.07,85.04
20940000,2869.59,14.7,1.47,5.83,245.5,30.26,1.55,1.24,51.28,84.29
21000000,2875.22,14.96,1.49,5.68,244.61,30.62,1.49,1.31,50.72,85.04
21060000,2901.27,15.16,1.51,5.96,251.34,30.34,1.55,1.46,51.32,85.11
21120000,2868.25,14.67,1.52,5.82,250.04,30.41,1.56,1.32,50.52,84.75
21180000,2868.27,14.66,1.47,5.81,244.62,30.23,1.66,1.45,50.98,85.07
21240000,2857.58,14.3,1.43,5.56,250.17,29.92,1.7,1.35,49.81,84.87
21300000,2877.26,14.72,1.56,5.92,248.57,30.07,1.65,1.4,51.42,84.36
21360000,2866.41,14.58,1.47,5.74,248.32,29.83,1.63,1.29,50.64,85.28
21420000,2867.26,14.77,1.49,5.78,243.39,30.4,1.57,1.39,50.26,85.04
21480000,2859.69,14.68,1.59,5.7,247.79,30.47,1.6,1.4,50.71,84.51
21540000,2867.73,14.87,1.53,5.71,247.17,30.32,1.7,1.41,51.06,84.43
21600000,2849.05,14.86,1.53,5.86,246.55,30.07,1.59,1.4,51.16,84.46
21660000,2859.9,14.76,1.6,5.68,247.66,30.22,1.62,1.38,50.59,84.55
21720000,2866.65,14.79,1.46,5.56,250.92,29.86,1.74,1.44,50.83,84.95
21780000,2843.77,14.5,1.48,5.73,241.15,29.87,1.55,1.17,50.64,84.34
21840000,2873.94,14.71,1.43,5.69,245.21,29.93,1.7,1.4,51.0,85.39
21900000,2867.62,14.7,1.6,5.72,243.61,30.18,1.6,1.34,50.49,85.13
21960000,2881.82,15.0,1.48,5.84,246.23,30.08,1.62,1.4,50.85,84.87
22020000,2861.64,14.61,1.5,5.71,245.58,29.75,1.61,1.38,50.25,85.33
22080000,2870.92,14.65,1.54,5.75,248.82,30.05,1.72,1.49,51.34,84.74
22140000,2872.8,15.06,1.43,5.75,247.01,30.59,1.68,1.49,51.41,84.93
22200000,2867.07,14.83,1.45,5.88,251.37,30.45,1.52,1.34,51.1,84.82
22260000,2888.09,15.33,1.51,5.62,241.14,30.37,1.62,1.46,50.9,85.16
22320000,2874.67,15.08,1.54,5.77,252.3,30.43,1.57,1.32,52.6,85.0
22380000,2870.31,14.93,1.46,5.98,249.45,30.44,1.55,1.34,50.98,84.96
22440000,2886.02,15.21,1.46,5.85,251.19,30.26,1.57,1.34,51.46,84.72
22500000,2864.65,14.68,1.5,5.94,248.11,30.26,1.5,1.43,50.62,84.37
22560000,2864.08,14.71,1.52,5.56,252.68,30.04,1.58,1.2,51.09,84.67
22620000,2856.89,14.94,1.5,5.81,252.27,30.28,1.6,1.22,50.39,84.55
22680000,2867.51,14.83,1.43,6.0,245.05,29.94,1.68,1.36,51.28,84.9
22740000,2901.0,15.13,1.47,6.14,251.82,29.83,1.69,1.4,51.82,85.27
22800000,2867.42,15.1,1.57,5.71,250.81,30.3,1.62,1.38,50.58,84.62
22860000,2909.62,15.05,1.54,5.94,254.08,30.34,1.57,1.28,50.05,85.63
22920000,2894.55,15.58,1.44,5.64,254.25,30.25,1.68,1.45,53.41,85.06
22980000,2868.08,15.07,1.44,5.77,248.16,30.03,1.55,1.32,51.52,84.5
23040000,2850.9,14.46,1.44,5.74,248.84,30.15,1.68,1.37,50.19,85.16
23100000,2868.98,14.47,1.5,5.85,250.09,30.32,1.76,1.43,50.46,85.62
23160000,2894.16,15.45,1.54,5.9,250.25,30.27,1.7,1.46,51.34,85.07
23220000,2896.26,15.42,1.51,5.89,251.97,30.04,1.65,1.42,52.25,85.22
23280000,2904.07,14.81,1.52,5.91,248.42,30.12,1.75,1.41,50.34,85.43
23340000,2892.75,14.78,1.51,5.8,248.79,30.13,1.6,1.35,50.54,85.21
23400000,2880.06,14.77,1.36,5.74,247.53,30.28,1.52,1.39,50.52,85.2
23460000,2906.65,15.51,1.4,5.74,255.22,30.02,1.66,1.38,51.26,85.38
23520000,2913.73,15.45,1.58,5.78,249.65,30.52,1.61,1.36,52.42,85.19
23580000,2894.89,14.98,1.48,5.77,249.98,30.24,1.63,1.31,51.15,85.26
23640000,2914.65,15.34,1.49,5.83,251.3,30.34,1.74,1.52,51.45,85.16
23700000,2925.14,15.97,1.52,6.04,254.18,30.09,1.76,1.65,51.94,84.44
23760000,2895.31,15.06,1.47,5.93,249.06,30.1,1.61,1.41,51.2,84.5
23820000,2912.74,15.21,1.52,5.96,248.75,30.31,1.71,1.5,51.44,85.06
23880000,2906.98,15.4,1.54,5.87,250.11,30.12,1.73,1.52,51.57,84.93
23940000,2891.78,15.03,1.47,5.76,247.08,30.48,1.88,1.63,51.47,84.88
24000000,2910.5,15.31,1.51,5.92,251.29,30.38,1.55,1.26,51.18,85.37
24060000,2908.6,15.41,1.45,5.89,251.33,30.1,1.66,1.41,51.97,85.13
24120000,2916.78,15.41,1.48,5.74,250.46,30.02,1.61,1.36,51.77,84.48
24180000,2897.58,15.49,1.57,5.93,249.19,30.33,1.7,1.4,51.54,85.08
24240000,2912.24,15.03,1.46,6.01,249.22,28.19,1.68,1.39,50.24,84.79
24300000,2882.72,14.73,1.45,5.95,247.58,28.68,1.6,1.43,50.04,85.11
24360000,2933.71,15.83,1.48,6.08,246.96,29.05,1.77,1.5,50.4,85.19
24420000,2929.87,15.44,1.5,5.86,252.49,28.42,1.78,1.58,50.45,84.82
24480000,2918.72,15.25,1.52,6.03,249.48,28.91,1.49,1.27,50.18,85.79
24540000,2924.23,15.57,1.58,6.02,249.4,28.93,1.48,1.21,49.66,85.22
24600000,2913.93,15.78,1.5,6.11,247.88,28.76,1.75,1.56,50.33,84.54
24660000,2922.23,15.33,1.61,5.93,251.62,28.57,1.76,1.53,50.41,84.59
24720000,2920.25,15.39,1.59,5.92,250.95,28.61,1.69,1.49,50.86,84.85
24780000,2925.78,15.8,1.52,6.07,254.17,28.95,1.52,1.35,50.82,85.17
24840000,2902.09,15.39,1.38,5.92,249.93,28.59,1.56,1.3,50.3,85.54
24900000,2915.52,15.23,1.45,5.95,258.17,28.97,1.51,1.27,49.68,85.39
24960000,2894.96,15.33,1.43,5.72,250.07,28.57,1.72,1.39,49.88,85.66
25020000,2928.44,15.92,1.52,6.01,255.46,28.8,1.56,1.28,50.99,85.3
25080000,2919.12,15.73,1.44,6.03,250.58,29.06,1.73,1.54,51.5,84.9
25140000,2906.81,15.31,1.48,5.79,253.46,28.9,1.45,1.21,50.43,85.35
25200000,2930.94,15.85,1.51,6.01,252.49,28.66,1.54,1.39,51.29,84.84
25260000,2931.42,15.6,1.56,5.96,250.05,28.48,1.63,1.36,50.22,84.78
25320000,2928.07,15.57,1.42,6.02,250.87,28.7,1.69,1.48,49.25,84.73
25380000,2932.44,15.75,1.46,6.06,256.95,28.82,1.64,1.45,51.31,85.16
25440000,2936.77,15.75,1.49,5.97,249.84,28.6,1.63,1.36,51.38,84.75
25500000,2908.76,15.35,1.5,5.99,251.68,29.12,1.51,1.15,49.18,85.69
25560000,2964.67,16.2,1.45,6.1,258.68,28.97,1.67,1.34,50.54,84.68
25620000,2926.77,15.65,1.53,6.01,253.86,28.6,1.74,1.55,50.71,84.43
25680000,2956.33,16.35,1.5,6.16,256.37,29.03,1.61,1.4,51.87,84.37
25740000,2945.64,16.1,1.49,6.0,248.76,28.73,1.62,1.4,51.96,85.17
25800000,2947.82,15.73,1.4,5.81,252.84,28.8,1.77,1.5,51.52,85.06
25860000,2925.45,15.59,1.61,6.03,248.65,28.78,1.71,1.4,50.32,85.02
25920000,2938.46,15.67,1.61,5.92,250.15,28.57,1.71,1.51,50.83,85.09
25980000,2928.81,15.46,1.49,6.11,255.69,28.8,1.59,1.4,49.9,84.79
26040000,2919.65,15.68,1.55,6.01,253.15,28.61,1.65,1.43,50.48,85.52
26100000,2926.31,15.93,1.53,6.07,250.36,28.89,1.85,1.69,50.66,85.07
26160000,2920.73,15.68,1.48,5.89,252.87,28.63,1.46,1.19,50.99,85.07
26220000,2925.45,15.58,1.48,5.88,255.49,28.83,1.69,1.43,50.69,85.21
26280000,2930.81,15.61,1.47,5.96,248.8,28.46,1.57,1.28,49.76,84.83
26340000,2897.71,15.29,1.48,5.86,247.69,28.56,1.54,1.29,50.39,85.41
26400000,2928.58,15.58,1.45,6.1,253.75,29.15,1.64,1.28,50.78,84.57
26460000,2926.92,15.74,1.54,5.97,255.88,28.62,1.68,1.53,50.38,85.23
26520000,2895.48,15.38,1.53,5.79,245.64,28.89,1.38,1.24,49.9,85.02
26580000,2924.87,15.82,1.41,5.97,249.05,28.81,1.59,1.23,51.02,85.1
26640000,2928.04,15.83,1.53,5.98,252.67,29.2,1.75,1.6,51.44,84.36
26700000,2907.26,15.35,1.48,5.89,248.03,29.12,1.68,1.41,49.92,85.58
26760000,2920.1,15.5,1.48,6.02,253.18,28.89,1.49,1.3,49.76,85.64
26820000,2890.84,15.42,1.51,5.81,245.26,28.58,1.67,1.44,49.82,84.79
26880000,2900.53,15.37,1.47,5.86,258.94,29.28,1.52,1.17,49.43,86.07
26940000,2904.15,15.08,1.54,6.05,254.41,28.56,1.72,1.37,49.49,85.21
27000000,2912.77,15.59,1.48,5.9,251.43,29.04,1.73,1.4,50.64,84.96
27060000,2910.36,15.35,1.43,6.14,244.48,28.92,1.73,1.5,50.44,84.56
27120000,2900.75,15.28,1.58,6.0,249.64,28.64,1.58,1.38,50.06,85.57
27180000,2878.38,14.61,1.51,5.86,245.59,28.87,1.5,1.38,49.47,85.46
27240000,2901.53,15.19,1.48,6.06,253.27,28.48,1.84,1.64,50.83,85.69
27300000,2931.56,16.15,1.52,6.04,254.91,29.19,1.68,1.37,50.71,85.03
27360000,2914.18,15.58,1.45,5.99,250.9,29.07,1.86,1.59,50.25,85.06
27420000,2926.16,15.8,1.46,5.93,255.48,28.82,1.6,1.32,51.58,84.98
27480000,2877.24,14.74,1.56,5.75,248.77,28.73,1.75,1.35,48.67,84.92
27540000,2882.45,15.11,1.51,5.81,252.84,29.06,1.55,1.22,49.46,85.15
27600000,2901.51,14.99,1.45,5.98,247.73,28.63,1.62,1.37,50.12,85.62
27660000,2897.84,15.43,1.49,5.88,249.38,28.45,1.68,1.42,50.33,85.17
27720000,2891.78,14.88,1.53,5.83,250.59,28.83,1.49,1.1,49.95,84.83
27780000,2887.98,14.98,1.47,5.96,251.04,28.32,1.61,1.29,49.89,85.13
27840000,1439.25,2.0,1.63,1.11,124.63,26.45,0.74,0.54,28.58,89.56
27900000,1451.96,2.13,1.62,1.11,123.39,26.31,0.83,0.72,28.93,88.99
27960000,1442.65,2.34,1.51,1.16,126.07,26.47,0.95,0.83,28.42,89.43
28020000,1431.96,2.3,1.55,1.14,122.33,26.46,0.99,0.66,29.18,88.98
28080000,1440.15,1.8,1.63,1.32,122.82,26.38,0.88,0.68,28.26,89.87
28140000,1445.33,1.92,1.62,1.41,120.09,26.22,0.9,0.69,27.35,89.69
28200000,1444.04,1.97,1.55,1.45,126.82,26.27,0.89,0.79,28.4,89.47
28260000,1445.95,2.33,1.65,1.46,125.67,26.79,0.82,0.72,29.63,89.29
28320000,1441.25,2.14,1.54,1.34,125.4,26.36,0.79,0.76,28.09,89.49
28380000,1437.29,2.1,1.57,1.38,129.89,26.36,0.99,0.77,29.39,89.18
28440000,1453.0,2.31,1.61,1.44,129.35,26.61,0.69,0.55,28.89,89.85
28500000,1444.43,2.24,1.69,1.35,122.43,26.29,0.94,0.74,28.52,89.96
28560000,1443.26,2.01,1.58,1.35,125.47,26.57,0.8,0.65,28.74,89.71
28620000,1433.48,2.23,1.63,1.28,124.81,26.03,0.79,0.56,28.36,89.48
28680000,1450.9,1.97,1.63,1.49,128.31,26.48,0.84,0.71,27.72,90.07
28740000,1439.9,2.42,1.55,1.32,125.89,26.72,0.87,0.71,29.67,89.07
28800000,1442.64,2.21,1.69,1.41,124.37,26.31,0.85,0.63,28.22,89.92
28860000,1446.63,2.43,1.64,1.29,124.91,26.16,0.79,0.61,28.8,89.61
28920000,1446.63,2.57,1.6,1.28,129.43,26.4,0.83,0.87,29.39,89.64
28980000,1437.94,2.09,1.56,1.43,128.33,26.39,0.94,0.82,28.5,89.77
29040000,1421.78,1.96,1.62,1.44,121.04,26.48,0.95,0.69,28.26,89.53
29100000,1427.41,2.69,1.56,1.31,125.44,26.55,0.86,0.65,29.16,88.98
29160000,1444.76,2.34,1.65,1.36,121.47,26.75,0.89,0.68,29.83,89.17
29220000,1448.03,2.44,1.51,1.6,128.51,26.18,1.08,0.89,29.2,89.4
29280000,1434.98,2.19,1.6,1.34,120.75,26.38,0.93,0.48,28.86,89.16
29340000,1435.32,1.94,1.54,1.46,126.27,26.24,0.81,0.81,28.82,89.98
29400000,1446.28,2.35,1.59,1.31,124.13,26.08,0.93,0.9,28.13,89.59
29460000,1447.0,2.44,1.67,1.36,120.0,26.58,1.04,0.78,28.89,89.46
29520000,1450.6,1.94,1.53,1.43,122.48,26.43,0.9,0.71,28.79,89.58
29580000,1447.44,1.81,1.49,1.47,125.42,26.51,0.87,0.81,28.14,89.52
29640000,1455.7,2.32,1.56,1.37,121.81,26.3,0.69,0.61,29.11,89.5
29700000,1435.12,2.38,1.61,1.44,124.9,26.49,0.88,0.64,28.07,89.97
29760000,1442.08,2.12,1.72,1.25,124.49,26.0,0.78,0.65,28.04,90.1
29820000,1435.22,2.07,1.54,1.44,126.09,25.97,1.09,0.92,27.81,89.69
29880000,1449.9,2.39,1.53,1.2,121.51,26.54,0.77,0.7,28.2,89.88
29940000,1447.36,1.9,1.5,1.29,122.83,26.46,1.01,0.75,28.56,89.27
30000000,1440.8,2.61,1.57,1.39,124.94,26.5,0.84,0.66,29.45,89.66
30060000,1431.8,2.17,1.54,1.35,121.05,26.77,0.82,0.77,29.24,89.23
30120000,1435.56,2.05,1.64,1.31,121.62,26.33,0.78,0.74,28.78,89.14
30180000,1448.29,2.14,1.57,1.39,122.69,26.69,0.75,0.5,29.0,89.39
30240000,1443.2,2.15,1.68,1.19,124.57,26.22,0.85,0.72,28.29,90.02
30300000,1444.28,1.99,1.59,1.5,133.88,26.18,0.85,0.66,27.48,89.89
30360000,1462.33,2.03,1.51,1.5,126.77,26.05,0.89,0.83,27.96,89.12
30420000,1445.91,1.89,1.6,1.35,124.53,26.29,0.92,0.7,28.6,89.29
30480000,1447.13,1.87,1.58,1.45,121.68,26.58,0.89,0.71,26.94,89.88
30540000,1435.87,2.41,1.63,1.48,122.65,26.53,0.89,0.75,29.06,89.13
30600000,1447.52,2.09,1.67,1.39,124.23,26.33,0.72,0.63,28.22,89.51
30660000,1447.57,2.44,1.58,1.46,121.04,26.78,0.91,0.81,28.88,89.66
30720000,1459.72,2.01,1.65,1.48,125.89,26.36,0.92,0.72,27.39,89.83
30780000,1452.88,2.6,1.63,1.28,121.7,26.57,0.73,0.56,29.83,89.71
30840000,1446.16,2.31,1.6,1.37,122.36,26.79,0.73,0.66,29.39,89.23
30900000,1449.85,1.94,1.55,1.44,126.94,26.38,0.82,0.52,28.28,89.57
30960000,1462.4,2.35,1.67,1.51,127.12,26.71,1.07,0.9,29.63,89.2
31020000,1438.19,1.91,1.63,1.39,120.17,26.43,0.99,0.83,27.94,89.46
31080000,1459.46,2.37,1.59,1.44,124.98,26.64,0.82,0.63,29.29,89.78
31140000,1453.0,2.15,1.53,1.49,124.86,26.24,0.83,0.82,28.46,88.74
31200000,1439.35,1.87,1.62,1.41,121.85,26.37,0.79,0.75,27.8,89.41
31260000,1462.31,2.34,1.51,1.47,130.81,26.14,0.95,1.02,29.78,89.72
31320000,1455.13,2.31,1.65,1.52,129.25,26.29,0.71,0.64,28.87,89.6
31380000,1449.41,2.12,1.64,1.6,129.39,26.48,0.79,0.7,27.98,89.38
31440000,1444.02,2.05,1.6,1.29,124.9,24.47,0.95,0.67,26.64,89.94
31500000,1451.3,2.25,1.59,1.56,125.59,24.48,0.79,0.79,27.82,89.31
31560000,1443.42,1.98,1.58,1.42,123.43,24.31,0.85,0.83,26.5,89.84
31620000,1457.69,1.81,1.58,1.43,125.36,24.76,0.83,0.76,26.53,89.99
31680000,1451.0,2.43,1.58,1.35,121.91,24.45,0.83,0.76,28.11,89.75
31740000,1458.48,2.24,1.61,1.39,128.01,24.84,0.99,1.01,27.12,89.81
31800000,1457.17,2.39,1.64,1.41,129.08,24.4,0.89,0.78,27.08,89.94
31860000,1458.68,2.27,1.55,1.27,121.54,24.24,0.89,0.58,26.88,89.43
31920000,1451.07,2.25,1.66,1.44,122.86,24.86,0.93,0.71,27.23,89.97
31980000,1441.14,1.95,1.64,1.44,131.63,24.59,0.82,0.59,26.48,89.57
32040000,1458.9,2.28,1.6,1.39,127.19,24.8,0.86,0.81,27.38,89.99
32100000,1449.09,1.89,1.54,1.34,118.01,24.55,0.98,0.93,26.03,90.35
32160000,1469.84,2.38,1.65,1.57,125.93,24.66,0.85,0.74,27.18,89.66
32220000,1453.82,2.01,1.74,1.39,122.95,24.39,0.77,0.62,27.32,89.86
32280000,1463.62,1.91,1.58,1.4,127.53,24.22,0.89,0.66,27.54,89.99
32340000,1458.79,2.46,1.51,1.27,131.66,24.7,0.93,0.85,27.58,89.46
32400000,1465.23,2.21,1.53,1.28,126.11,24.24,0.8,0.73,26.21,89.44
32460000,1445.29,2.01,1.65,1.44,123.25,24.31,0.89,0.81,25.33,90.18
32520000,1450.02,1.93,1.69,1.37,124.16,24.72,0.86,0.78,25.83,90.33
32580000,1476.04,2.29,1.67,1.4,122.07,24.78,0.79,0.63,26.73,89.69
32640000,1451.77,2.1,1.56,1.38,130.16,24.47,0.75,0.66,26.78,90.13
32700000,1457.07,1.96,1.61,1.35,128.05,24.51,0.95,0.91,26.24,89.98
32760000,1474.03,2.31,1.6,1.25,126.36,24.58,0.94,0.86,26.9,89.6
32820000,1460.06,2.26,1.6,1.38,125.36,24.61,0.97,0.85,27.22,89.81
32880000,1467.55,2.08,1.59,1.32,126.97,24.67,0.94,0.84,27.23,89.7
32940000,1453.98,2.46,1.5,1.46,123.85,24.41,0.77,0.57,26.99,90.62
33000000,1472.28,2.38,1.54,1.31,121.07,24.82,0.71,0.72,27.05,89.83
33060000,1455.98,2.38,1.54,1.34,125.88,24.8,1.02,0.84,27.4,89.65
33120000,1455.1,2.05,1.6,1.57,126.6,24.36,0.94,0.79,26.32,89.76
33180000,1451.82,2.15,1.68,1.47,121.95,24.74,0.78,0.59,26.55,90.01
33240000,1453.91,2.38,1.65,1.43,126.86,24.56,0.9,0.72,26.34,90.12
33300000,1459.38,2.05,1.63,1.49,128.25,24.8,0.9,0.77,26.67,89.87
33360000,1457.93,2.13,1.63,1.41,124.91,24.76,1.06,0.91,27.6,89.21
33420000,1463.87,1.93,1.59,1.45,122.25,24.58,0.84,0.69,26.55,90.09
33480000,1470.36,2.14,1.61,1.37,128.68,24.75,0.92,0.79,26.06,90.19
33540000,1468.37,2.01,1.57,1.4,127.27,24.58,1.09,1.07,26.67,89.97
33600000,1472.33,2.5,1.64,1.35,125.9,24.12,0.83,0.73,27.75,89.63
33660000,1457.31,2.11,1.59,1.32,127.84,24.52,0.96,0.75,26.03,90.39
33720000,1463.22,2.01,1.63,1.5,123.64,24.26,0.79,0.8,26.72,90.39
33780000,1449.91,1.94,1.58,1.37,127.86,24.86,1.0,0.91,26.79,89.86
33840000,1455.07,2.44,1.59,1.32,125.25,24.8,0.88,0.71,26.92,90.48
33900000,1461.06,1.97,1.57,1.43,125.18,24.47,0.83,0.67,26.97,89.99
33960000,1455.72,2.24,1.48,1.54,125.7,24.8,0.79,0.63,26.76,90.05
34020000,1468.03,2.05,1.54,1.39,129.07,24.57,0.75,0.56,26.39,90.11
34080000,1461.96,2.13,1.55,1.58,128.27,24.92,0.92,0.72,26.85,89.53
34140000,1447.24,2.42,1.62,1.23,130.44,24.42,0.94,0.89,27.46,90.13
34200000,1444.33,2.41,1.65,1.41,132.72,24.88,0.91,0.72,27.01,90.0
34260000,1447.79,2.28,1.63,1.52,131.96,24.34,0.77,0.68,28.39,89.33
34320000,1445.72,1.95,1.63,1.41,123.97,24.53,1.03,0.76,26.35,89.72
34380000,1457.11,2.1,1.67,1.46,125.93,24.37,0.84,0.61,25.84,90.72
34440000,1473.63,2.43,1.62,1.36,125.79,24.83,0.91,0.8,26.9,89.51
34500000,1456.14,2.65,1.61,1.57,125.15,24.89,0.91,0.8,28.32,89.72
34560000,1446.2,2.13,1.61,1.18,125.81,24.29,1.0,0.8,27.04,90.12
34620000,1449.13,1.98,1.59,1.65,126.68,24.56,0.92,0.77,26.49,88.97
34680000,1453.89,2.49,1.61,1.46,124.26,24.74,0.76,0.63,27.37,89.32
34740000,1450.39,2.34,1.57,1.3,125.4,24.74,0.69,0.54,26.06,89.98
34800000,1456.92,2.04,1.62,1.33,124.91,24.64,0.89,0.79,26.73,89.85
34860000,1443.21,2.08,1.62,1.3,124.86,24.53,1.06,0.91,26.76,89.66
34920000,1449.53,2.38,1.6,1.32,129.24,24.84,0.88,0.7,27.21,90.37
34980000,1437.92,2.2,1.55,1.43,121.46,24.42,0.79,0.67,26.68,90.04
35040000,1450.35,2.08,1.67,1.33,126.76,22.52,0.83,0.68,25.86,90.59
35100000,1463.83,2.13,1.61,1.81,127.57,23.17,0.97,0.82,25.55,89.73
35160000,1448.16,2.13,1.47,1.53,124.6,22.91,0.98,0.81,24.73,90.16
35220000,1438.51,2.11,1.57,1.41,125.64,22.66,1.01,0.78,25.23,90.18
35280000,1442.7,2.33,1.6,1.34,123.54,22.77,0.74,0.6,24.96,90.7
35340000,1443.21,2.09,1.65,1.36,126.17,22.78,0.99,0.91,26.51,89.71
35400000,1445.1,1.89,1.59,1.32,126.36,23.15,0.88,0.71,24.8,90.25
35460000,1428.57,2.11,1.56,1.35,122.27,22.57,0.92,0.81,25.02,89.98
35520000,1438.47,1.92,1.65,1.23,123.1,22.48,0.98,0.86,24.94,90.33
35580000,1441.62,2.27,1.61,1.28,123.21,22.74,0.69,0.56,25.13,90.57
35640000,1451.24,2.16,1.58,1.3,123.91,22.62,1.02,0.86,24.84,90.32
35700000,1447.38,2.54,1.57,1.53,127.75,22.76,0.85,0.69,26.07,90.12
35760000,1443.78,2.11,1.53,1.32,125.36,22.82,0.78,0.68,24.97,90.15
35820000,1453.1,2.34,1.55,1.34,124.64,22.82,0.73,0.7,25.31,90.01
35880000,1433.47,1.75,1.56,1.27,124.06,22.67,1.02,0.9,24.65,90.48
35940000,1437.35,2.33,1.47,1.05,125.6,22.8,0.77,0.6,25.91,90.2
36000000,1440.1,1.89,1.66,1.26,122.68,22.73,0.66,0.59,24.06,90.69
36060000,1434.79,1.8,1.66,1.43,120.22,22.98,0.83,0.61,25.24,89.87
36120000,1451.22,2.24,1.52,1.46,122.03,22.7,1.1,1.02,25.61,90.12
36180000,1439.46,2.46,1.59,1.15,125.45,22.97,0.77,0.68,24.53,90.19
36240000,1444.2,2.1,1.57,1.37,118.48,22.91,0.79,0.81,24.64,90.63
36300000,1437.54,2.43,1.55,1.35,129.26,22.29,0.85,0.75,24.95,90.35
36360000,1445.56,2.03,1.59,1.38,124.58,23.14,0.85,0.69,24.52,90.7
36420000,1447.97,2.15,1.6,1.42,121.78,22.8,0.85,0.77,24.61,89.69
36480000,1441.98,1.9,1.58,1.51,125.54,22.42,1.05,0.79,24.15,90.34
36540000,1448.83,1.97,1.56,1.25,123.02,22.32,0.96,0.81,24.69,90.35
36600000,1425.95,2.14,1.56,1.1,121.23,22.34,0.78,0.63,24.47,89.85
36660000,1451.32,2.45,1.55,1.34,124.48,22.39,0.85,0.67,25.97,90.24
36720000,1435.58,2.1,1.64,1.33,121.7,23.08,1.03,0.9,24.01,90.16
36780000,1432.45,2.02,1.58,1.56,124.81,22.34,0.86,0.65,24.71,89.81
36840000,1440.3,1.82,1.62,1.34,121.8,23.07,0.83,0.72,25.22,89.88
36900000,1436.77,2.08,1.62,1.24,122.01,22.95,0.69,0.67,25.46,90.3
36960000,1436.32,1.98,1.6,1.34,123.41,22.69,0.94,0.83,23.99,90.87
37020000,1442.9,2.25,1.63,1.42,123.51,23.02,0.8,0.61,24.91,90.77
37080000,1426.54,1.91,1.6,1.43,120.9,22.9,0.8,0.65,23.83,90.92
37140000,1429.36,1.93,1.57,1.34,120.34,22.69,0.84,0.7,25.39,89.83
37200000,1443.71,1.95,1.64,1.44,122.19,22.93,0.85,0.61,24.77,90.47
37260000,1432.79,2.22,1.62,1.39,118.46,23.01,0.95,0.8,24.92,90.67
37320000,1440.44,2.3,1.69,1.52,120.86,22.59,0.9,0.82,25.54,89.79
37380000,1447.31,1.88,1.61,1.28,132.52,22.41,0.84,0.66,25.46,89.85
37440000,1428.02,1.98,1.66,1.27,122.58,22.64,0.89,0.67,24.6,90.7
37500000,1440.46,2.2,1.6,1.44,125.31,22.63,0.95,0.74,24.73,90.12
37560000,1437.41,2.12,1.61,1.31,122.26,22.74,0.81,0.82,24.95,90.45
37620000,1449.5,2.1,1.53,1.32,126.93,22.92,0.91,0.77,25.45,90.08
37680000,1444.15,2.31,1.63,1.22,128.15,22.49,0.92,0.69,25.17,90.29
37740000,1442.52,2.07,1.62,1.45,120.58,22.88,0.8,0.72,24.05,90.33
37800000,1434.84,1.91,1.6,1.41,121.64,22.93,0.89,0.74,24.39,90.22
37860000,1441.7,2.07,1.66,1.37,123.36,22.91,0.7,0.62,25.05,90.13
37920000,1438.57,2.02,1.6,1.43,131.04,22.47,0.85,0.84,25.31,90.0
37980000,1450.46,2.29,1.64,1.43,122.52,23.01,0.71,0.62,25.16,89.91
38040000,1439.92,1.98,1.6,1.25,121.89,22.76,0.75,0.65,24.29,90.99
38100000,1446.29,1.84,1.66,1.32,123.27,22.66,0.82,0.77,24.45,90.62
38160000,1440.03,2.38,1.59,1.36,129.04,22.75,0.79,0.75,25.65,89.57
38220000,1435.6,2.05,1.65,1.39,123.28,23.08,0.87,0.79,24.73,90.4
38280000,1439.72,1.98,1.59,1.15,130.59,23.15,0.85,0.66,25.83,90.17
38340000,1447.35,2.08,1.59,1.18,123.04,22.73,0.77,0.59,25.59,90.23
38400000,1450.12,2.48,1.57,1.39,123.48,22.56,0.84,0.67,25.59,89.58
38460000,1459.51,2.38,1.58,1.43,123.0,23.01,1.0,0.82,25.0,90.81
38520000,1447.8,1.96,1.66,1.45,119.37,22.68,0.81,0.57,25.11,90.18
38580000,1451.44,2.14,1.61,1.36,123.97,22.98,0.89,0.9,24.91,90.37
38640000,1458.6,1.95,1.47,1.32,121.96,21.37,0.98,0.85,23.87,90.54
38700000,1451.27,2.21,1.53,1.35,122.35,21.14,0.88,0.67,24.42,90.07
38760000,1463.25,1.85,1.56,1.51,131.2,21.22,0.93,0.78,22.92,91.08
38820000,1449.62,2.34,1.64,1.39,124.58,21.31,0.96,0.66,23.04,90.91
38880000,1451.11,1.99,1.66,1.32,124.86,21.08,0.87,0.71,23.55,90.82
38940000,1453.2,2.11,1.59,1.37,125.17,20.84,0.96,0.78,22.41,90.61
39000000,1444.24,2.17,1.68,1.36,129.6,20.98,0.81,0.67,23.57,90.34
39060000,1446.21,2.3,1.63,1.32,120.89,21.27,0.85,0.69,24.19,90.34
39120000,1448.0,2.38,1.61,1.36,122.84,21.08,0.84,0.76,24.33,90.18
39180000,1446.61,2.12,1.61,1.36,121.22,20.92,0.98,0.93,23.36,90.29
39240000,1463.05,1.81,1.59,1.22,128.24,21.15,0.84,0.62,22.28,90.18
39300000,1461.96,2.1,1.61,1.47,126.43,20.86,0.74,0.46,22.66,90.67
39360000,1460.25,2.58,1.63,1.55,128.8,21.34,0.97,0.86,24.08,90.14
39420000,1465.53,2.22,1.56,1.4,130.09,20.96,0.86,0.78,23.43,90.21
39480000,1465.92,2.09,1.63,1.62,123.11,21.14,0.93,0.77,24.08,90.27
39540000,1465.76,2.04,1.59,1.34,125.45,21.26,0.89,0.83,23.44,90.3
39600000,1457.74,2.0,1.66,1.32,122.51,21.06,0.69,0.62,23.19,90.82
39660000,1466.14,2.65,1.57,1.34,127.79,21.21,0.98,0.93,23.91,90.49
39720000,1462.96,2.12,1.6,1.33,124.91,20.9,0.78,0.61,23.44,90.87
39780000,1447.68,2.19,1.57,1.43,128.01,21.35,0.81,0.74,23.31,90.53
39840000,1454.0,2.3,1.66,1.46,121.85,21.23,1.09,1.01,23.82,90.1
39900000,1468.36,2.17,1.66,1.39,127.1,21.28,0.8,0.7,22.75,90.56
39960000,1466.1,2.11,1.6,1.45,122.92,20.98,1.02,0.83,22.31,90.57
40020000,1464.47,2.19,1.63,1.5,126.49,21.55,0.84,1.01,23.25,90.54
40080000,1475.97,2.35,1.68,1.46,131.49,21.22,0.81,0.63,23.56,90.35
40140000,1454.58,2.31,1.56,1.33,124.12,21.42,0.91,0.66,24.28,91.09
40200000,1477.29,2.44,1.62,1.5,128.91,21.27,0.76,0.59,22.58,90.51
40260000,1454.19,2.01,1.55,1.47,126.3,20.97,0.96,0.91,23.18,90.2
40320000,1470.23,2.07,1.63,1.4,119.95,21.24,0.8,0.65,23.18,90.39
40380000,1454.65,2.28,1.62,1.34,123.74,21.0,0.96,0.92,23.27,90.86
40440000,1456.27,2.12,1.62,1.38,127.46,21.06,0.93,0.83,23.82,89.82
40500000,1473.05,2.04,1.62,1.48,125.52,21.03,0.94,0.74,23.55,90.0
40560000,1482.27,2.19,1.6,1.46,129.92,20.95,0.89,0.74,23.01,89.98
40620000,1462.07,2.23,1.64,1.59,125.88,21.09,1.0,1.01,23.15,90.58
40680000,1457.18,2.41,1.57,1.19,121.66,21.04,0.98,0.7,23.57,90.67
40740000,1450.95,1.92,1.59,1.47,124.05,21.18,0.89,0.69,22.77,91.0
40800000,1466.93,2.19,1.56,1.4,126.86,21.28,0.82,0.83,23.71,90.36
40860000,1453.93,2.31,1.56,1.23,127.19,21.27,0.93,0.84,23.75,90.53
40920000,1468.86,2.08,1.67,1.45,125.08,21.25,0.85,0.78,23.77,90.11
40980000,1454.26,2.54,1.59,1.48,125.38,21.82,1.0,0.93,24.29,90.93
41040000,1460.42,2.34,1.67,1.48,127.23,20.85,0.82,0.69,23.93,90.34
41100000,1463.38,1.89,1.5,1.3,123.81,20.75,0.78,0.47,22.15,91.1
41160000,1454.53,2.32,1.62,1.5,123.87,20.99,0.84,0.86,23.53,90.26
41220000,1472.98,1.96,1.61,1.3,125.55,21.34,0.99,0.73,22.49,90.62
41280000,1457.44,2.28,1.56,1.32,123.84,21.15,0.81,0.74,23.94,90.48
41340000,1456.98,2.02,1.63,1.27,129.31,21.33,0.98,0.87,22.92,90.64
41400000,1456.38,2.41,1.55,1.63,128.4,21.04,0.75,0.65,24.25,90.26
41460000,1450.02,2.28,1.63,1.45,123.13,21.33,0.81,0.71,23.85,90.79
41520000,1453.6,1.92,1.6,1.43,127.97,20.91,0.77,0.56,23.02,90.67
41580000,1459.44,2.39,1.51,1.51,124.12,21.12,0.73,0.52,22.63,90.55
41640000,1463.54,2.16,1.53,1.36,125.44,21.03,0.84,0.73,23.04,90.81
41700000,1456.33,2.1,1.55,1.25,127.82,21.16,0.76,0.84,23.5,90.22
41760000,1445.65,2.04,1.6,1.47,122.83,20.95,0.87,0.71,22.62,90.99
41820000,1463.14,2.25,1.58,1.36,126.85,21.19,0.91,0.63,23.99,90.26
41880000,1453.36,2.07,1.62,1.28,120.24,21.05,0.66,0.61,23.91,90.45
41940000,1446.96,1.95,1.56,1.41,127.12,21.29,0.9,0.75,23.08,90.65
42000000,1451.33,2.25,1.66,1.38,127.55,21.1,1.16,1.03,24.2,90.31
42060000,1459.24,2.42,1.62,1.41,127.29,20.99,0.77,0.5,24.14,90.32
42120000,1449.67,2.08,1.54,1.39,123.63,20.91,0.91,0.62,22.86,91.02
42180000,1452.77,2.41,1.63,1.48,125.29,20.95,0.8,0.69,23.94,90.19
42240000,1443.48,2.13,1.6,1.22,127.31,19.55,0.82,0.69,22.02,90.9
42300000,1449.46,2.0,1.56,1.34,126.51,19.67,0.89,0.84,21.86,91.31
42360000,1458.12,2.41,1.59,1.34,123.39,19.73,0.95,0.72,23.44,90.45
42420000,1453.47,2.2,1.55,1.33,119.97,19.5,1.01,0.84,22.0,90.69
42480000,1442.76,2.18,1.67,1.39,127.92,20.2,0.57,0.63,21.25,91.13
42540000,1458.12,2.32,1.62,1.61,126.81,19.47,0.87,0.77,22.24,90.55
42600000,1446.52,2.34,1.71,1.39,125.78,19.69,0.77,0.77,21.71,90.65
42660000,1439.99,2.12,1.6,1.41,122.16,19.69,0.95,0.87,21.75,90.82
42720000,1437.37,1.77,1.55,1.28,122.24,19.62,0.95,0.8,21.64,91.04
42780000,1446.45,2.06,1.62,1.35,126.06,19.61,0.87,0.63,22.21,90.61
42840000,1447.43,2.0,1.56,1.46,129.2,19.75,0.99,0.91,20.91,91.22
42900000,1459.44,2.24,1.58,1.34,130.37,19.6,0.93,0.81,22.37,91.26
42960000,1433.73,1.93,1.64,1.35,122.9,19.58,0.72,0.73,21.0,90.6
43020000,1440.98,2.32,1.54,1.45,124.66,19.63,0.87,0.75,21.92,91.06
43080000,1441.24,2.32,1.55,1.37,119.85,19.53,0.92,0.83,21.91,90.6
43140000,1449.29,2.47,1.54,1.32,127.35,19.93,0.82,0.71,22.39,91.19
43200000,1440.54,2.13,1.59,1.3,121.77,19.54,0.89,0.65,21.82,90.93
43260000,1444.77,2.05,1.62,1.34,129.13,19.84,0.77,0.58,21.93,91.1
43320000,1445.64,2.3,1.61,1.34,125.35,20.0,0.99,0.78,22.41,90.79
43380000,1445.28,1.97,1.62,1.47,122.15,19.56,0.75,0.64,21.88,91.39
43440000,1436.62,2.06,1.6,1.26,121.81,19.43,0.81,0.64,22.05,90.73
43500000,1441.0,1.95,1.58,1.23,126.8,19.39,0.68,0.59,21.59,91.27
43560000,1446.76,2.22,1.61,1.44,129.12,19.83,0.86,0.7,22.61,90.18
43620000,1453.98,2.05,1.57,1.33,126.2,19.94,0.88,0.65,21.57,90.72
43680000,1441.48,2.0,1.56,1.27,125.72,19.25,0.91,0.71,20.11,91.61
43740000,1447.63,2.3,1.57,1.4,128.84,19.58,1.0,0.87,22.29,90.91
43800000,1421.09,2.03,1.53,1.41,115.04,19.91,0.87,0.78,21.19,91.23
43860000,1457.79,2.33,1.56,1.24,124.07,19.82,0.9,0.81,22.13,90.81
43920000,1437.46,1.81,1.62,1.32,120.03,19.85,0.76,0.62,20.82,90.95
43980000,1446.92,2.28,1.63,1.27,125.51,19.54,0.99,0.8,21.98,90.85
44040000,1435.93,2.17,1.53,1.4,121.62,19.56,0.77,0.77,21.84,91.71
44100000,1433.94,2.24,1.61,1.24,124.69,19.54,0.67,0.62,21.9,91.28
44160000,1443.19,2.4,1.54,1.52,127.39,19.7,0.86,0.73,22.5,90.98
44220000,1437.95,2.03,1.62,1.24,123.51,19.56,0.83,0.67,21.37,90.97
44280000,1442.22,2.08,1.55,1.31,120.54,20.02,0.98,0.89,22.54,91.03
44340000,1442.68,1.62,1.65,1.44,120.61,19.42,1.02,0.8,21.39,91.02
44400000,1455.78,2.06,1.58,1.32,126.62,19.47,0.9,0.74,21.69,91.06
44460000,1441.62,1.71,1.57,1.43,125.81,19.98,1.03,0.91,21.44,90.93
44520000,1437.19,2.27,1.6,1.23,119.71,19.85,0.94,0.75,21.91,90.98
44580000,1430.84,2.31,1.53,1.29,125.37,19.65,0.87,0.63,21.92,90.08
44640000,1452.57,2.08,1.74,1.4,121.79,19.7,1.02,0.79,21.43,91.06
44700000,1439.61,1.8,1.55,1.35,123.15,19.72,0.97,0.74,22.02,90.46
44760000,1438.02,1.95,1.58,1.35,124.71,19.57,0.74,0.73,21.52,90.77
44820000,1451.59,2.42,1.6,1.2,121.44,19.85,0.81,0.77,22.27,91.25
44880000,1436.93,2.28,1.68,1.43,124.68,19.61,0.93,0.8,22.51,90.56
44940000,1459.19,2.61,1.57,1.35,125.1,19.8,0.75,0.55,22.36,90.52
45000000,1442.65,2.23,1.62,1.3,125.37,19.71,0.83,0.68,22.68,90.92
45060000,1446.85,2.23,1.57,1.26,122.83,19.79,0.92,0.84,22.23,91.1
45120000,1441.02,2.05,1.56,1.37,127.59,19.66,1.15,1.03,21.72,91.14
45180000,1456.27,1.98,1.62,1.35,130.25,19.64,0.79,0.64,22.41,91.18
45240000,1428.94,2.29,1.56,1.49,129.31,19.38,0.58,0.46,21.52,90.7
45300000,1435.38,2.05,1.55,1.41,124.54,19.69,0.94,0.8,21.59,91.19
45360000,1458.96,2.22,1.65,1.33,124.21,19.48,1.09,0.95,21.78,90.58
45420000,1463.17,2.22,1.64,1.14,128.76,19.82,0.96,0.82,22.05,90.88
45480000,1451.87,2.07,1.55,1.38,130.56,19.32,0.79,0.67,22.45,90.71
45540000,1443.35,2.25,1.62,1.33,120.96,19.75,0.94,0.89,21.62,91.17
45600000,1441.71,1.99,1.65,1.25,118.53,19.92,0.95,0.91,21.26,90.4
45660000,1453.28,2.13,1.64,1.43,123.0,19.83,1.04,0.87,21.99,91.03
45720000,1440.04,2.19,1.61,1.33,118.57,19.5,0.87,0.5,23.06,90.53
45780000,1442.41,2.42,1.58,1.17,127.83,19.72,0.96,0.78,22.33,90.61
45840000,1440.52,1.91,1.63,1.34,123.49,18.44,0.98,0.87,20.65,91.3
45900000,1452.04,2.43,1.6,1.45,126.15,18.61,0.9,0.8,20.52,91.44
45960000,1439.84,2.08,1.6,1.5,129.31,18.37,0.85,0.76,21.18,91.02
46020000,1460.4,2.25,1.64,1.5,118.74,18.52,1.15,1.01,20.83,90.87
46080000,1471.19,2.1,1.6,1.46,126.19,18.38,0.86,0.81,19.87,91.4
46140000,1437.77,1.98,1.62,1.39,121.84,18.53,0.93,0.8,21.03,91.14
46200000,1460.69,2.16,1.62,1.22,127.63,18.33,0.98,0.72,20.66,91.23
46260000,1453.03,1.9,1.66,1.45,125.93,18.46,0.89,0.71,20.46,91.39
46320000,1452.35,2.17,1.56,1.29,119.34,18.5,0.86,0.69,20.69,91.68
46380000,1438.63,1.97,1.59,1.39,124.31,18.88,0.89,0.65,20.75,91.53
46440000,1446.67,1.97,1.67,1.37,124.48,18.25,0.74,0.69,21.08,91.11
46500000,1436.15,1.91,1.6,1.28,124.43,18.45,1.11,0.95,20.22,91.79
46560000,1458.92,2.23,1.59,1.2,127.45,18.52,1.1,0.8,20.41,91.5
46620000,1435.69,2.05,1.63,1.3,123.34,18.71,0.8,0.7,20.56,91.01
46680000,1461.26,1.98,1.56,1.44,130.3,18.31,0.83,0.73,20.7,91.76
46740000,1463.89,2.43,1.64,1.4,125.95,18.55,0.94,0.79,21.42,91.0
46800000,1449.11,1.94,1.57,1.31,122.3,18.71,0.82,0.66,21.5,91.61
46860000,1457.16,2.03,1.57,1.35,126.99,18.09,0.86,0.73,20.69,91.13
46920000,1465.05,2.09,1.62,1.5,124.77,18.54,0.79,0.64,20.08,91.3
46980000,1460.3,2.26,1.59,1.31,123.07,18.61,0.9,0.81,20.69,90.56
47040000,1457.01,2.3,1.65,1.32,119.43,18.75,0.85,0.81,21.03,91.12
47100000,1455.29,2.37,1.56,1.45,127.88,18.53,0.96,0.8,21.42,91.43
47160000,1459.73,2.16,1.61,1.45,130.36,18.53,0.91,0.88,21.75,90.75
47220000,1463.2,2.49,1.5,1.45,125.67,18.35,0.83,0.75,21.0,90.9
47280000,1455.84,2.11,1.62,1.55,120.98,18.49,0.75,0.68,21.14,91.13
47340000,1457.42,2.08,1.63,1.51,119.99,18.5,0.93,0.74,20.21,91.4
47400000,1460.35,2.57,1.58,1.4,124.51,18.48,0.79,0.65,22.06,90.77
47460000,1457.34,2.26,1.64,1.44,125.58,18.53,0.84,0.71,20.31,90.81
47520000,1462.01,2.23,1.59,1.39,128.3,18.47,0.93,0.69,19.36,91.26
47580000,1467.65,2.06,1.6,1.51,127.3,18.47,0.72,0.77,21.69,90.29
47640000,1458.54,1.98,1.52,1.43,125.76,18.34,0.93,0.79,20.06,91.65
47700000,1479.89,2.51,1.61,1.51,126.58,18.43,0.8,0.67,22.16,90.08
47760000,1444.97,2.19,1.57,1.3,129.44,18.55,0.86,0.82,21.33,90.93
47820000,1456.93,2.55,1.65,1.49,129.85,18.5,0.8,0.49,21.76,90.94
47880000,1452.26,2.0,1.59,1.37,125.33,18.35,1.08,0.93,20.46,91.6
47940000,1473.43,2.31,1.59,1.54,123.27,18.51,0.95,0.94,21.03,90.98
48000000,1461.86,2.51,1.64,1.37,130.28,18.38,0.85,0.65,21.15,90.52
48060000,1455.56,2.04,1.63,1.33,124.4,18.64,0.91,0.69,21.14,90.82
48120000,1454.66,2.13,1.65,1.26,121.06,18.66,0.85,0.7,20.16,91.05
48180000,1467.54,1.97,1.48,1.4,125.67,18.48,0.84,0.71,20.15,91.47
48240000,1457.2,2.11,1.66,1.41,129.43,18.14,0.93,0.72,21.12,91.27
48300000,1447.13,2.16,1.59,1.46,124.51,18.66,0.83,0.64,20.81,91.21
48360000,1465.98,2.28,1.54,1.41,127.66,18.77,0.93,0.71,21.01,90.67
48420000,1441.53,1.87,1.64,1.23,122.2,18.25,0.81,0.69,19.77,90.97
48480000,1459.47,2.19,1.63,1.43,125.2,18.76,0.8,0.67,20.87,91.08
48540000,1452.1,2.06,1.59,1.35,121.34,18.19,0.88,0.66,20.7,90.9
48600000,1455.64,1.83,1.57,1.23,127.37,18.33,0.98,0.71,20.12,90.9
48660000,1462.51,2.53,1.56,1.21,125.53,18.62,0.74,0.59,21.21,90.79
48720000,1453.36,1.85,1.67,1.27,124.38,18.22,0.95,0.84,20.94,91.28
48780000,1457.33,2.25,1.65,1.41,126.8,18.48,1.0,0.91,21.26,91.45
48840000,1456.6,2.16,1.63,1.22,123.09,18.87,0.75,0.71,19.85,91.13
48900000,1451.45,1.91,1.66,1.33,125.36,18.29,0.81,0.7,20.86,91.02
48960000,1459.8,2.34,1.59,1.46,123.82,18.18,0.91,0.76,20.39,90.9
49020000,1464.69,2.37,1.62,1.38,128.11,18.38,0.77,0.64,20.61,91.12
49080000,1454.18,2.07,1.56,1.29,123.49,18.44,0.72,0.48,19.85,91.7
49140000,1463.01,2.24,1.59,1.52,121.79,18.77,0.8,0.68,21.04,91.17
49200000,1452.7,2.33,1.68,1.3,132.84,18.5,0.94,0.8,21.79,90.98
49260000,1467.16,2.31,1.54,1.29,127.32,18.57,0.8,0.79,21.45,91.19
49320000,1444.62,1.99,1.67,1.41,127.56,18.63,0.8,0.67,20.97,90.82
49380000,1459.85,2.51,1.55,1.48,129.59,18.57,1.02,0.76,21.27,90.97
49440000,1459.0,2.07,1.54,1.46,120.41,17.67,0.79,0.75,19.89,91.34
49500000,1458.81,2.17,1.61,1.24,123.53,17.84,0.77,0.69,21.68,90.83
49560000,1457.5,2.29,1.5,1.22,127.56,17.64,0.76,0.43,20.54,91.51
49620000,1452.02,2.0,1.59,1.46,127.44,17.87,0.83,0.76,20.41,91.21
49680000,1451.9,2.04,1.57,1.29,128.79,17.8,1.0,0.86,21.08,90.99
49740000,1446.43,2.02,1.66,1.4,125.43,17.45,0.88,0.71,20.35,91.45
49800000,1462.95,2.24,1.65,1.48,125.38,17.99,0.93,0.87,19.62,91.28
49860000,1453.45,2.43,1.61,1.34,123.72,17.91,0.99,0.91,21.1,90.87
49920000,1446.6,2.23,1.63,1.36,123.18,18.12,0.88,0.74,20.41,91.18
49980000,1443.2,2.24,1.67,1.56,123.79,17.85,0.88,0.64,20.07,90.68
50040000,1445.68,2.04,1.5,1.31,119.83,18.14,0.89,0.76,19.86,91.21
50100000,1454.89,2.09,1.62,1.46,127.16,17.77,0.91,0.87,20.32,91.61
50160000,1448.9,1.75,1.65,1.41,122.6,17.7,0.83,0.64,19.75,92.07
50220000,1460.97,2.18,1.69,1.41,128.88,17.8,0.89,0.73,19.62,91.15
50280000,1450.27,1.71,1.59,1.55,129.61,17.67,0.88,0.75,18.64,91.61
50340000,1437.56,1.84,1.63,1.44,120.08,17.71,0.79,0.72,18.96,91.78
50400000,1440.54,2.28,1.61,1.36,118.93,18.03,0.79,0.71,19.56,91.42
50460000,1443.81,2.03,1.59,1.72,126.86,17.57,0.9,0.71,19.78,91.13
50520000,1442.42,1.85,1.61,1.31,124.0,18.42,0.82,0.81,20.15,91.12
50580000,1441.26,1.89,1.63,1.39,123.69,17.66,0.83,0.76,19.9,90.9
50640000,1443.77,2.15,1.65,1.31,125.76,17.83,0.81,0.74,20.29,91.25
50700000,1446.89,2.36,1.61,1.43,120.79,18.34,0.9,0.87,20.57,91.17
50760000,1456.04,2.15,1.66,1.27,122.8,17.7,0.97,0.8,19.17,91.47
50820000,1436.11,2.15,1.6,1.32,123.37,17.45,0.93,0.65,19.83,90.81
50880000,1447.84,2.05,1.6,1.36,125.5,17.79,0.89,0.68,20.02,91.89
50940000,1435.7,1.85,1.56,1.48,127.81,18.06,0.67,0.52,19.2,91.36
51000000,1443.44,1.9,1.5,1.33,124.1,17.72,0.84,0.59,18.86,91.24
51060000,1429.15,1.92,1.59,1.19,117.79,18.06,0.9,0.8,18.86,91.35
51120000,1429.59,2.29,1.58,1.29,120.86,17.75,0.88,0.61,20.76,90.99
51180000,1434.12,2.13,1.62,1.38,121.19,18.07,0.87,0.75,20.01,90.82
51240000,1433.67,2.42,1.58,1.38,121.26,17.82,0.81,0.75,20.57,91.02
51300000,1438.83,2.24,1.59,1.41,124.59,17.92,1.04,0.95,20.6,91.35
51360000,1435.64,2.03,1.57,1.41,122.33,17.74,0.92,0.86,19.72,90.53
51420000,1455.24,1.94,1.67,1.49,127.14,17.72,0.89,0.7,19.72,91.35
51480000,1426.83,2.2,1.52,1.4,121.87,17.98,0.92,0.79,19.87,91.05
51540000,1428.08,2.1,1.65,1.28,125.64,17.49,1.04,0.79,20.89,90.63
51600000,1441.69,2.16,1.67,1.48,122.46,18.22,0.92,0.87,20.2,90.81
51660000,1436.88,1.85,1.61,1.33,127.0,17.92,0.89,0.73,20.44,91.14
51720000,1449.55,1.99,1.62,1.39,121.52,17.56,0.94,0.72,19.81,91.32
51780000,1440.54,1.97,1.56,1.34,129.4,17.66,1.17,0.95,19.65,91.42
51840000,1427.7,2.07,1.63,1.3,123.67,18.24,0.81,0.66,20.28,91.11
51900000,1446.34,2.2,1.63,1.25,126.38,17.91,0.81,0.65,20.46,90.52
51960000,1446.2,2.15,1.63,1.33,119.5,17.58,0.79,0.64,20.01,90.84
52020000,1449.26,2.06,1.62,1.38,119.49,18.0,0.86,0.73,19.2,91.38
52080000,1446.05,1.95,1.59,1.38,126.35,17.71,0.77,0.63,20.16,91.76
52140000,1421.94,1.91,1.58,1.37,124.59,17.9,0.88,0.81,19.02,91.02
52200000,1438.51,2.24,1.65,1.39,119.79,17.78,0.84,0.76,19.7,91.24
52260000,1440.51,2.17,1.56,1.29,128.78,17.67,0.69,0.54,19.2,91.44
52320000,1436.51,1.83,1.49,1.3,121.4,18.1,0.87,0.67,19.68,91.04
52380000,1440.12,2.5,1.63,1.34,123.34,17.78,0.94,0.78,20.52,91.14
52440000,1437.44,2.09,1.7,1.37,124.65,17.67,0.9,0.96,20.41,91.22
52500000,1434.53,2.12,1.65,1.33,120.81,17.57,0.82,0.69,19.21,91.1
52560000,1438.03,2.1,1.53,1.44,119.29,18.2,0.96,0.83,19.55,91.22
52620000,1437.0,2.34,1.66,1.51,123.02,17.72,0.79,0.57,20.95,90.76
52680000,1439.97,1.81,1.63,1.33,124.02,17.76,0.93,0.8,19.3,91.58
52740000,1433.12,2.3,1.59,1.48,122.9,17.95,0.94,0.82,20.46,91.25
52800000,1444.8,2.02,1.54,1.31,119.93,18.07,0.97,0.95,19.47,91.21
52860000,1437.25,2.11,1.56,1.3,123.78,17.96,0.87,0.66,19.39,91.33
52920000,1437.79,1.76,1.61,1.35,123.66,17.8,1.06,0.96,20.43,91.25
52980000,1453.26,2.14,1.63,1.43,125.1,18.03,0.86,0.82,20.18,90.94
53040000,1443.76,2.34,1.62,1.36,126.64,17.95,0.79,0.61,20.51,91.07
53100000,1450.12,2.3,1.66,1.48,127.62,17.6,0.76,0.67,20.18,91.39
53160000,1456.91,1.97,1.59,1.29,120.65,17.52,0.7,0.51,19.64,91.28
53220000,1434.96,1.91,1.62,1.2,121.54,17.8,0.94,0.73,19.42,91.52
53280000,1446.62,2.42,1.66,1.2,121.53,17.6,1.05,0.86,19.99,91.35
53340000,1449.55,1.89,1.5,1.54,124.68,17.4,0.95,0.71,19.79,90.94
53400000,1463.48,2.17,1.55,1.5,131.47,17.66,0.81,0.65,20.24,91.03
53460000,1448.52,2.07,1.6,1.5,126.85,17.54,1.0,0.83,19.89,91.53
53520000,1441.72,2.3,1.58,1.42,126.21,17.65,0.71,0.59,19.9,90.89
53580000,1438.86,2.19,1.67,1.27,127.39,17.77,0.95,0.8,19.66,91.24
53640000,1456.54,1.98,1.65,1.31,132.06,16.97,0.99,0.84,19.72,91.11
53700000,1449.7,2.13,1.58,1.5,126.49,17.72,0.8,0.64,19.54,90.86
53760000,1450.73,2.4,1.57,1.37,124.95,17.42,0.98,0.86,19.85,91.04
53820000,1435.97,1.61,1.7,1.4,127.22,17.29,0.86,0.85,19.02,91.78
53880000,1454.63,2.21,1.61,1.28,120.2,17.86,0.83,0.89,20.46,90.96
53940000,1430.75,2.17,1.55,1.54,126.68,17.75,0.85,0.91,20.11,91.01
54000000,1466.47,2.06,1.52,1.46,129.65,17.14,0.78,0.64,19.9,91.45
54060000,1450.2,1.97,1.59,1.49,133.2,17.62,0.97,0.93,19.23,91.62
54120000,1456.67,2.17,1.65,1.44,122.63,17.64,1.09,0.91,19.86,91.16
54180000,1463.21,2.04,1.62,1.47,130.58,17.78,1.09,0.86,20.61,91.03
54240000,1454.93,2.16,1.55,1.42,128.63,17.58,0.85,0.78,19.92,91.77
54300000,1456.93,2.2,1.58,1.47,121.77,17.55,0.97,0.86,20.04,90.98
54360000,1455.09,2.38,1.55,1.52,126.4,17.73,0.84,0.64,20.48,91.14
54420000,1453.65,1.88,1.64,1.65,125.69,17.39,0.88,0.71,19.88,91.39
54480000,1456.07,2.01,1.72,1.44,123.27,17.53,1.05,0.97,20.18,91.55
54540000,1457.78,2.29,1.68,1.41,123.38,17.66,0.87,0.73,19.96,91.2
54600000,1457.35,2.2,1.58,1.32,125.25,17.76,0.97,0.98,20.3,91.12
54660000,1455.52,2.15,1.58,1.4,128.9,17.38,0.82,0.6,20.85,91.06
54720000,1459.31,2.15,1.69,1.33,125.13,17.23,0.87,0.68,19.35,91.69
54780000,1455.56,2.49,1.6,1.61,125.48,17.39,0.99,0.8,20.23,91.37
54840000,1462.85,2.74,1.6,1.49,124.07,17.69,0.77,0.75,21.03,90.81
54900000,1458.31,2.18,1.55,1.45,123.44,17.58,0.98,0.8,19.73,91.03
54960000,1468.72,2.29,1.62,1.51,127.57,17.52,0.86,0.57,20.19,91.14
55020000,1458.0,1.76,1.59,1.49,121.34,17.58,0.89,0.87,18.75,91.66
55080000,1457.1,2.23,1.68,1.34,127.1,17.52,0.77,0.58,20.3,91.25
55140000,1455.87,2.26,1.58,1.33,125.68,17.86,0.86,0.71,20.72,91.18
55200000,1465.72,2.27,1.47,1.43,128.72,17.79,0.86,0.78,19.87,91.57
55260000,1450.39,1.76,1.61,1.4,124.7,17.58,0.99,0.92,19.85,91.86
55320000,1460.24,1.98,1.64,1.34,126.22,17.26,0.75,0.52,19.2,91.47
55380000,1481.3,2.35,1.53,1.44,127.95,17.66,0.82,0.88,20.27,91.31
55440000,1455.93,2.04,1.55,1.27,125.45,17.39,0.77,0.64,20.3,91.5
55500000,1476.7,2.25,1.57,1.57,126.27,17.69,1.0,0.92,19.93,91.01
55560000,1462.23,2.44,1.69,1.52,126.14,17.71,0.99,0.72,20.29,90.81
55620000,1461.85,2.18,1.6,1.52,121.91,18.02,0.97,0.7,20.46,91.07
55680000,1463.1,2.23,1.57,1.36,131.17,17.67,0.77,0.51,19.52,91.5
55740000,1471.75,1.92,1.57,1.37,126.91,17.87,0.9,0.73,19.63,91.09
55800000,1468.29,2.19,1.62,1.36,131.43,17.51,0.97,0.75,20.3,91.45
55860000,1458.98,1.96,1.6,1.44,125.68,17.32,0.8,0.56,19.09,91.76
55920000,1456.59,2.23,1.64,1.51,130.0,17.82,0.92,0.69,19.03,91.49
55980000,1448.48,2.05,1.52,1.43,126.76,17.58,0.81,0.67,20.2,91.8
56040000,1457.17,1.89,1.57,1.18,124.79,17.35,0.76,0.55,19.4,91.64
56100000,1453.41,1.8,1.54,1.35,120.76,17.42,0.78,0.74,18.64,91.26
56160000,1459.19,2.09,1.68,1.27,123.99,17.73,0.7,0.55,19.74,91.72
56220000,1456.96,2.23,1.68,1.42,127.1,17.64,0.83,0.7,19.77,91.15
56280000,1459.01,2.4,1.64,1.39,121.99,17.47,0.72,0.49,20.87,91.56
56340000,1451.35,2.46,1.59,1.24,127.23,17.84,0.86,0.86,19.67,91.17
56400000,1458.95,2.63,1.67,1.52,133.33,17.66,0.73,0.71,19.81,90.92
56460000,1446.65,2.41,1.56,1.35,129.41,17.45,0.76,0.7,21.44,91.07
56520000,1467.94,2.05,1.57,1.48,126.42,17.77,0.8,0.73,19.61,91.67
56580000,1456.61,2.45,1.56,1.34,133.49,17.62,0.81,0.77,20.28,90.95
56640000,1448.32,1.89,1.64,1.26,127.46,17.72,0.88,0.69,19.44,91.04
56700000,1455.73,2.16,1.56,1.54,124.69,17.74,0.89,0.7,20.89,91.04
56760000,1472.09,2.27,1.59,1.39,122.31,17.46,1.02,0.89,20.77,91.0
56820000,1453.14,2.34,1.63,1.32,121.63,17.89,0.77,0.62,20.2,91.5
56880000,1455.69,2.28,1.59,1.44,125.58,17.87,0.95,0.71,20.81,91.13
56940000,1467.26,2.2,1.59,1.46,128.6,17.94,0.81,0.75,20.75,90.89
57000000,1451.83,2.0,1.57,1.15,125.23,18.07,1.11,0.94,19.32,91.53
57060000,1449.44,2.2,1.62,1.46,125.01,17.46,0.84,0.81,20.09,91.48
57120000,1471.44,2.17,1.56,1.39,129.19,17.5,0.85,0.66,21.05,90.74
57180000,1454.57,2.34,1.53,1.41,125.43,18.05,0.8,0.56,21.01,90.96
57240000,1436.91,1.75,1.67,1.19,125.04,17.78,0.87,0.87,19.76,91.39
57300000,1455.71,2.53,1.58,1.35,129.18,17.74,0.94,0.85,20.35,91.01
57360000,1436.97,2.13,1.54,1.45,118.93,17.98,0.95,0.65,19.31,91.1
57420000,1450.64,2.27,1.61,1.31,125.98,17.58,0.91,0.72,20.25,91.27
57480000,1439.41,1.93,1.57,1.38,127.58,17.92,0.97,0.75,20.28,91.27
57540000,1448.79,2.31,1.64,1.41,124.77,17.8,0.87,0.84,20.72,91.56
57600000,1436.62,2.06,1.64,1.49,127.78,17.75,0.96,0.74,19.05,91.38
57660000,1451.48,2.36,1.57,1.55,128.2,18.09,0.77,0.65,20.33,91.42
57720000,1454.48,2.15,1.7,1.51,127.23,17.68,0.78,0.57,19.8,91.19
57780000,1446.94,2.05,1.59,1.25,121.66,17.63,0.85,0.8,19.58,91.22
57840000,1441.49,2.14,1.65,1.47,127.41,18.17,0.99,0.91,19.81,90.89
57900000,1434.68,2.09,1.64,1.35,120.61,17.6,1.08,0.89,20.22,91.38
57960000,1456.58,2.54,1.49,1.35,123.83,17.84,0.9,0.77,20.18,91.08
58020000,1446.91,2.23,1.53,1.39,122.59,17.86,0.92,0.66,21.31,91.14
58080000,1441.81,2.25,1.68,1.45,121.87,17.62,0.86,0.79,20.27,90.21
58140000,1439.58,2.11,1.56,1.34,119.55,17.94,0.76,0.6,19.75,90.88
58200000,1460.39,2.21,1.57,1.39,126.85,18.01,0.87,0.65,20.17,90.81
58260000,1441.07,2.09,1.66,1.15,125.95,17.64,0.77,0.63,19.1,91.54
58320000,1425.91,2.12,1.61,1.4,124.48,17.92,0.82,0.64,20.61,90.49
58380000,1451.95,2.3,1.58,1.15,124.38,18.08,0.81,0.6,20.69,90.95
58440000,1445.67,2.09,1.64,1.22,127.78,17.93,0.86,0.71,19.79,91.28
58500000,1426.8,2.06,1.5,1.37,128.19,17.71,0.91,0.75,20.48,90.85
58560000,1439.06,1.99,1.61,1.37,124.82,17.89,0.76,0.6,20.15,91.13
58620000,1435.35,2.07,1.64,1.26,119.84,17.88,0.87,0.7,20.49,90.86
58680000,1439.22,2.15,1.59,1.49,123.52,17.69,0.87,0.74,20.17,91.58
58740000,1437.42,2.24,1.56,1.41,125.31,17.7,0.92,1.03,19.67,91.66
58800000,1454.76,2.11,1.66,1.47,125.38,17.59,0.98,0.86,19.93,91.43
58860000,1436.64,2.34,1.71,1.29,121.36,17.96,0.86,0.65,20.58,91.21
58920000,1430.67,2.3,1.57,1.38,121.04,18.02,0.95,0.82,19.99,91.15
58980000,1438.92,2.67,1.59,1.38,126.74,17.86,0.71,0.53,22.01,90.72
59040000,1445.3,2.29,1.67,1.31,126.41,18.11,0.62,0.54,21.33,90.92
59100000,1427.18,1.89,1.67,1.38,125.96,18.14,0.84,0.7,20.07,91.23
59160000,1443.43,2.52,1.6,1.44,122.85,17.76,0.92,0.77,21.17,90.93
59220000,1440.33,2.3,1.62,1.23,128.07,18.0,1.05,1.02,19.84,91.35
59280000,1438.57,2.18,1.57,1.19,115.37,17.9,0.82,0.75,20.13,90.89
59340000,1441.37,2.07,1.66,1.36,123.62,17.79,1.02,0.9,19.37,91.41
59400000,1432.62,2.49,1.59,1.31,125.35,17.7,0.86,0.62,20.29,90.96
59460000,1441.48,2.01,1.65,1.27,122.73,17.45,0.81,0.73,19.46,91.61
59520000,1442.93,2.32,1.62,1.33,122.26,17.89,0.93,0.84,21.26,90.53
59580000,1443.12,2.08,1.51,1.25,126.58,17.8,0.57,0.48,20.67,91.01
59640000,1452.52,2.17,1.56,1.35,125.16,17.78,0.81,0.66,20.32,91.13
59700000,1445.52,2.23,1.62,1.33,130.86,17.51,0.97,0.83,20.56,91.51
59760000,1437.93,1.84,1.62,1.28,123.65,17.78,0.96,0.84,19.84,90.95
59820000,1439.39,2.26,1.66,1.48,128.34,17.83,0.86,0.78,20.65,91.22
59880000,1437.88,2.12,1.61,1.34,123.67,17.84,0.82,0.69,20.92,91.15
59940000,1442.45,2.37,1.55,1.49,127.05,18.0,0.9,0.84,19.74,91.08
60000000,1440.94,2.29,1.69,1.39,121.21,17.82,0.74,0.7,19.93,91.25
60060000,1445.79,2.18,1.59,1.54,124.45,17.71,0.78,0.64,19.83,91.38
60120000,1436.29,2.21,1.64,1.32,125.67,17.99,0.79,0.63,20.13,90.68
60180000,1451.04,2.15,1.57,1.54,123.89,17.77,0.93,0.88,19.94,91.25
60240000,1441.01,1.97,1.62,1.14,127.48,18.79,0.89,0.9,20.97,91.18
60300000,1443.72,1.9,1.6,1.32,126.86,18.44,0.96,0.82,20.89,91.22
60360000,1444.25,2.16,1.56,1.35,126.55,18.67,0.78,0.59,20.73,91.11
60420000,1437.6,2.16,1.53,1.29,124.38,18.83,0.88,0.75,20.38,91.25
60480000,1462.9,2.29,1.66,1.29,123.24,18.68,0.91,0.92,20.9,90.72
60540000,1429.95,1.7,1.7,1.46,120.7,18.24,0.87,0.6,19.8,91.36
60600000,1452.97,2.01,1.63,1.3,123.79,18.53,0.66,0.55,20.94,91.2
60660000,1445.18,2.27,1.64,1.33,128.04,18.31,0.88,0.69,20.64,91.3
60720000,1451.77,2.23,1.61,1.53,125.35,18.6,0.84,0.73,20.7,90.7
60780000,1452.14,2.16,1.62,1.42,123.23,18.62,1.05,1.12,21.22,91.1
60840000,1444.61,2.04,1.61,1.27,122.33,18.44,0.95,0.93,20.55,90.81
60900000,1445.87,2.13,1.59,1.48,125.8,18.62,0.71,0.7,21.18,90.82
60960000,1458.54,2.58,1.67,1.39,127.66,18.45,0.85,0.78,21.89,90.84
61020000,1443.65,2.3,1.56,1.57,128.69,18.77,0.78,0.62,20.48,91.53
61080000,1439.92,2.55,1.63,1.27,125.04,18.42,0.86,0.69,21.2,90.54
61140000,1450.01,2.4,1.65,1.38,122.66,18.83,0.91,0.74,21.41,90.96
61200000,1432.08,1.66,1.61,1.37,123.2,18.46,0.71,0.53,21.45,90.84
61260000,1461.35,2.04,1.55,1.29,130.5,18.65,0.87,0.76,19.95,90.6
61320000,1450.66,2.15,1.57,1.41,124.25,18.04,0.84,0.73,20.91,90.91
61380000,1457.83,2.0,1.68,1.46,127.41,18.63,0.9,0.79,19.82,91.89
61440000,1456.94,2.05,1.62,1.46,130.94,18.35,0.81,0.78,20.66,91.27
61500000,1463.36,2.11,1.52,1.41,124.33,18.86,0.83,0.71,19.84,91.2
61560000,1457.01,2.0,1.57,1.39,124.24,18.89,0.96,0.84,20.69,91.08
61620000,1461.91,2.27,1.57,1.47,131.91,18.46,0.9,0.72,20.96,91.26
61680000,1457.41,2.06,1.63,1.52,122.99,18.37,0.84,0.61,20.62,90.79
61740000,1458.21,2.47,1.63,1.39,129.11,18.52,0.96,0.87,21.69,90.57
61800000,1457.99,2.07,1.52,1.47,126.89,18.65,0.91,0.76,20.33,91.02
61860000,1454.74,2.42,1.68,1.3,121.23,18.53,0.75,0.63,20.97,90.95
61920000,1453.63,2.17,1.53,1.42,122.0,18.64,0.87,0.83,20.91,91.5
61980000,1455.9,2.19,1.67,1.29,123.05,18.46,0.98,0.77,21.14,91.51
62040000,1448.49,2.09,1.63,1.21,123.08,18.41,0.95,0.82,20.9,91.69
62100000,1461.22,2.16,1.6,1.38,132.94,18.74,0.95,0.95,21.03,91.81
62160000,1460.82,2.23,1.56,1.37,127.61,18.53,0.96,0.6,21.26,91.05
62220000,1460.73,1.83,1.56,1.52,127.57,18.28,0.87,0.64,20.07,90.88
62280000,1443.57,2.31,1.61,1.35,124.59,18.68,1.08,0.71,20.83,90.68
62340000,1462.51,1.85,1.58,1.4,125.44,18.69,0.91,0.69,19.93,91.08
62400000,1455.0,2.4,1.59,1.22,119.57,18.35,0.97,0.72,20.59,91.3
62460000,1454.62,2.36,1.68,1.67,123.23,18.42,0.75,0.53,21.53,90.63
62520000,1451.14,2.2,1.57,1.27,128.06,18.5,0.76,0.56,21.87,90.88
62580000,1461.46,2.37,1.6,1.56,127.55,18.56,0.95,0.79,21.9,90.67
62640000,1454.45,2.16,1.56,1.38,129.03,18.59,0.86,0.7,20.59,91.43
62700000,1451.59,2.15,1.65,1.41,120.61,18.51,0.75,0.7,20.77,90.84
62760000,1458.6,2.09,1.68,1.59,124.84,18.33,0.99,0.81,20.17,91.42
62820000,1467.91,2.57,1.63,1.32,129.68,18.78,0.94,0.76,21.53,90.4
62880000,1470.95,2.39,1.53,1.4,126.33,18.46,0.95,0.78,21.57,90.67
62940000,1464.62,2.2,1.54,1.42,124.99,18.36,1.05,0.76,20.81,90.8
63000000,1467.22,2.07,1.58,1.36,125.78,18.76,0.96,0.83,21.61,90.61
63060000,1450.77,2.22,1.61,1.57,127.18,18.33,0.81,0.71,21.03,91.14
63120000,1464.29,2.16,1.58,1.36,128.72,18.67,1.03,0.98,21.16,91.16
63180000,1458.82,2.25,1.59,1.48,124.2,18.61,0.92,0.85,20.37,90.86
63240000,1451.83,2.21,1.54,1.39,122.26,18.28,0.77,0.53,20.0,91.92
63300000,1454.57,2.07,1.6,1.37,122.67,18.68,0.91,0.62,20.19,91.15
63360000,1463.28,2.09,1.64,1.39,126.2,18.32,0.89,0.79,20.46,90.64
63420000,1457.46,2.16,1.57,1.49,120.38,18.66,0.94,0.78,20.68,91.3
63480000,1462.27,2.1,1.58,1.48,127.63,18.72,0.94,0.73,21.05,91.37
63540000,1450.01,2.37,1.61,1.38,124.7,18.04,1.02,0.91,21.13,91.15
63600000,1456.45,2.19,1.49,1.36,126.22,18.45,0.68,0.37,20.59,90.78
63660000,1458.66,2.34,1.57,1.43,125.67,18.35,1.04,0.78,21.51,90.4
63720000,1450.64,1.96,1.54,1.59,126.73,18.66,0.85,0.73,21.23,91.11
63780000,1458.61,2.34,1.65,1.39,122.64,18.91,0.85,0.66,21.0,91.19
63840000,1454.39,2.02,1.62,1.41,123.34,19.67,0.93,0.89,21.77,91.1
63900000,1457.74,2.05,1.61,1.38,121.56,19.79,0.83,0.78,21.8,91.08
63960000,1453.99,2.06,1.57,1.3,129.48,19.41,0.79,0.68,21.76,91.11
64020000,1455.31,1.88,1.62,1.46,121.39,19.47,0.68,0.57,21.58,91.15
64080000,1462.08,2.17,1.58,1.46,128.33,19.86,0.87,0.66,22.01,90.65
64140000,1458.55,2.29,1.56,1.38,128.42,19.44,0.9,0.71,22.36,90.63
64200000,1458.65,2.25,1.52,1.47,122.97,19.71,0.95,0.81,22.18,91.2
64260000,1469.19,2.4,1.56,1.39,128.88,19.55,0.91,0.76,22.18,91.3
64320000,1455.08,2.32,1.57,1.31,128.33,19.78,0.92,0.82,22.06,91.15
64380000,1461.85,2.01,1.59,1.48,122.19,19.63,0.84,0.81,21.62,90.49
64440000,1453.38,2.13,1.61,1.24,124.21,19.46,0.84,0.64,22.41,90.92
64500000,1456.67,2.07,1.55,1.3,128.66,19.47,0.88,0.67,21.44,90.99
64560000,1471.58,2.58,1.57,1.43,131.87,19.82,0.79,0.68,22.2,90.6
64620000,1458.24,2.19,1.65,1.52,130.34,19.71,0.82,0.68,22.97,90.47
64680000,1459.99,1.93,1.63,1.45,128.68,19.52,1.02,0.9,22.07,91.03
64740000,1464.51,2.19,1.67,1.55,122.38,19.51,0.89,0.69,21.29,90.98
64800000,1433.12,2.4,1.65,1.46,127.94,19.83,0.82,0.72,22.5,90.14
64860000,1451.04,2.11,1.66,1.5,124.83,19.65,0.79,0.78,21.82,91.0
64920000,1446.67,1.98,1.63,1.38,123.01,19.45,0.92,0.8,21.95,90.4
64980000,1438.49,1.95,1.59,1.37,124.34,19.65,0.81,0.75,21.74,91.0
65040000,1448.48,2.33,1.55,1.37,123.65,20.1,0.81,0.59,21.71,91.27
65100000,1436.58,2.22,1.55,1.42,127.16,19.42,1.04,0.84,22.46,90.98
65160000,1443.06,2.22,1.65,1.21,120.28,19.97,0.89,0.79,21.87,90.83
65220000,1450.97,2.31,1.61,1.37,124.74,19.73,1.06,0.89,22.9,91.02
65280000,1449.99,2.41,1.55,1.37,123.44,19.55,0.85,0.85,22.5,90.48
65340000,1450.42,1.73,1.67,1.44,126.7,19.78,0.86,0.56,21.06,91.34
65400000,1455.93,2.39,1.73,1.41,122.16,19.75,0.69,0.61,22.1,91.11
65460000,1442.15,1.85,1.59,1.51,123.73,19.89,0.8,0.83,21.54,91.07
65520000,1449.25,2.43,1.64,1.49,128.39,19.68,0.9,0.78,22.64,90.6
65580000,1445.36,1.94,1.6,1.28,119.54,19.74,0.78,0.78,21.62,91.06
65640000,1441.94,2.32,1.59,1.42,119.74,19.5,0.99,0.88,22.41,90.58
65700000,1442.37,2.02,1.58,1.37,122.28,19.6,0.81,0.58,20.53,91.35
65760000,1446.29,2.33,1.61,1.31,124.93,19.46,0.89,0.93,21.15,90.85
65820000,1441.61,2.03,1.59,1.32,122.87,19.64,0.71,0.63,21.74,90.16
65880000,1437.35,1.82,1.67,1.25,127.56,19.93,0.92,0.72,20.87,91.03
65940000,1449.72,2.04,1.64,1.39,124.33,19.9,0.81,0.66,20.91,91.3
66000000,1448.54,2.02,1.75,1.35,128.6,19.71,0.59,0.43,22.06,90.69
66060000,1426.91,1.98,1.57,1.41,122.33,19.55,0.8,0.65,21.17,90.96
66120000,1440.18,2.12,1.59,1.27,127.16,19.57,0.9,0.94,22.08,90.33
66180000,1453.19,2.39,1.6,1.51,129.53,19.58,0.87,0.82,22.53,90.53
66240000,1438.15,2.02,1.61,1.35,125.81,19.76,0.86,0.64,21.9,91.11
66300000,1433.65,2.14,1.59,1.45,123.86,19.67,0.75,0.78,22.04,90.48
66360000,1444.24,2.36,1.58,1.52,124.97,19.55,0.94,0.83,22.3,90.63
66420000,1438.88,1.67,1.61,1.57,126.58,19.55,0.94,0.82,21.11,91.32
66480000,1438.75,1.98,1.58,1.39,126.39,19.67,0.77,0.6,21.6,90.36
66540000,1433.32,1.98,1.63,1.32,125.84,19.42,0.96,0.79,21.54,91.12
66600000,1434.74,1.87,1.69,1.36,125.3,19.85,0.76,0.7,21.68,91.18
66660000,1447.22,2.33,1.61,1.45,123.59,19.35,0.9,0.71,21.1,90.81
66720000,1436.31,2.22,1.61,1.2,126.54,19.86,0.84,0.75,22.28,90.87
66780000,1437.27,1.93,1.56,1.45,125.18,19.84,0.85,0.61,21.39,90.82
66840000,1433.64,2.13,1.62,1.37,126.03,19.63,0.79,0.6,22.68,90.76
66900000,1441.09,2.15,1.52,1.24,123.87,19.44,0.89,0.83,22.16,90.93
66960000,1445.33,2.21,1.61,1.38,123.47,19.16,0.97,0.75,21.7,90.89
67020000,1442.99,2.0,1.61,1.45,126.54,19.71,0.89,0.85,22.42,90.62
67080000,1446.75,2.22,1.53,1.41,123.04,19.64,0.95,0.83,22.44,90.37
67140000,1444.34,2.04,1.66,1.36,128.5,19.84,0.87,0.92,21.54,91.39
67200000,1426.37,2.02,1.61,1.29,116.37,19.67,0.72,0.64,21.38,90.34
67260000,1451.4,2.33,1.61,1.26,126.96,19.74,0.72,0.51,22.56,91.18
67320000,1437.6,2.06,1.6,1.47,121.5,19.94,0.78,0.64,21.37,91.14
67380000,1428.46,1.95,1.62,1.45,118.8,19.08,0.91,0.83,21.49,90.94
67440000,1447.58,1.94,1.64,1.36,121.63,21.08,0.93,0.77,22.6,90.17
67500000,1442.29,1.96,1.62,1.43,124.68,21.23,0.87,0.81,21.97,90.85
67560000,1452.37,2.12,1.54,1.37,119.9,21.4,0.73,0.57,23.39,90.37
67620000,1417.39,2.12,1.6,1.2,128.22,20.82,0.81,0.71,23.52,90.45
67680000,1450.69,2.2,1.6,1.44,122.2,20.84,0.81,0.74,23.24,90.84
67740000,1447.25,1.61,1.61,1.36,123.16,21.16,0.92,0.74,22.95,90.29
67800000,1461.09,2.03,1.6,1.47,130.88,21.28,0.88,0.66,22.87,90.51
67860000,1440.79,2.49,1.57,1.33,123.57,21.2,0.87,0.78,23.1,90.77
67920000,1433.74,2.24,1.65,1.34,126.97,20.9,1.0,0.74,22.9,90.56
67980000,1438.95,2.06,1.55,1.53,120.94,21.38,0.86,0.76,23.04,91.08
68040000,1451.2,2.04,1.6,1.43,124.34,20.98,0.66,0.53,23.32,90.53
68100000,1446.53,1.9,1.65,1.28,122.66,21.18,0.95,0.81,22.34,91.15
68160000,1447.98,2.1,1.57,1.47,125.38,21.05,1.0,0.88,21.97,90.77
68220000,1461.44,2.66,1.6,1.46,123.78,20.74,1.0,0.88,23.62,90.67
68280000,1450.63,2.25,1.57,1.49,120.94,21.21,0.8,0.8,24.01,89.92
68340000,1444.1,2.0,1.54,1.45,122.66,21.19,0.95,0.95,23.21,90.25
68400000,1441.32,2.08,1.62,1.44,125.23,21.02,1.12,0.92,22.7,90.08
68460000,1458.12,2.36,1.54,1.27,123.64,21.37,0.9,0.84,23.26,90.49
68520000,1453.44,2.3,1.53,1.33,121.87,21.05,0.81,0.75,24.29,90.54
68580000,1451.02,2.15,1.66,1.44,125.12,21.4,0.81,0.64,22.82,90.98
68640000,1449.91,1.92,1.58,1.58,122.72,21.18,0.99,0.98,23.31,90.34
68700000,1452.64,2.22,1.58,1.34,123.47,21.24,0.73,0.6,23.48,90.49
68760000,1451.04,1.87,1.56,1.35,127.58,21.26,1.05,0.92,22.42,90.38
68820000,1455.88,2.31,1.5,1.26,125.97,21.24,0.98,0.78,22.88,90.67
68880000,1451.23,2.09,1.55,1.53,120.0,21.45,0.84,0.67,23.48,90.48
68940000,1457.29,2.67,1.65,1.43,124.13,21.1,1.12,0.99,24.93,90.12
69000000,1452.96,1.88,1.6,1.41,127.15,21.16,0.93,0.88,23.26,90.82
69060000,1438.58,1.65,1.66,1.32,117.67,21.19,0.9,0.67,23.27,90.42
69120000,1444.58,2.06,1.56,1.32,127.53,21.09,0.87,0.7,23.1,90.37
69180000,1450.38,2.16,1.54,1.29,128.94,20.89,0.89,0.77,23.09,90.5
69240000,1446.77,2.04,1.62,1.47,126.11,21.07,0.81,0.81,23.34,90.38
69300000,1466.95,2.06,1.59,1.32,124.97,20.97,0.81,0.66,23.05,90.75
69360000,1452.08,2.21,1.6,1.42,122.49,21.07,0.82,0.65,23.35,90.42
69420000,1461.18,2.22,1.65,1.3,122.5,21.07,1.0,0.89,22.66,90.53
69480000,1457.68,2.49,1.68,1.41,127.2,21.14,0.99,0.92,23.2,91.0
69540000,1466.5,2.44,1.56,1.45,125.41,21.0,1.0,0.77,23.31,90.59
69600000,1451.45,2.12,1.64,1.5,121.81,21.11,0.93,0.93,23.95,89.84
69660000,1460.21,2.33,1.63,1.46,130.44,20.93,0.71,0.57,23.93,90.63
69720000,1460.53,2.64,1.57,1.41,128.77,21.04,0.88,0.59,24.89,89.91
69780000,1452.51,2.2,1.63,1.26,126.85,20.82,0.79,0.76,23.69,90.68
69840000,1462.06,2.2,1.54,1.34,127.21,20.97,0.96,0.7,23.33,90.49
69900000,1449.43,2.4,1.63,1.49,122.47,21.16,0.8,0.76,23.13,90.35
69960000,1451.9,2.27,1.61,1.27,118.09,20.96,0.83,0.5,23.38,90.47
70020000,1449.37,2.01,1.59,1.43,124.54,21.35,0.95,0.89,22.79,90.43
70080000,1457.73,2.48,1.59,1.39,121.9,21.17,0.78,0.56,23.62,90.49
70140000,1451.35,2.14,1.62,1.42,122.95,20.81,1.03,0.95,23.48,90.02
70200000,1463.46,2.32,1.58,1.32,126.06,20.97,0.82,0.66,23.51,90.64
70260000,1451.53,2.38,1.65,1.46,123.99,21.26,1.0,0.72,23.51,90.39
70320000,1449.23,2.49,1.63,1.43,122.08,21.05,1.13,0.95,23.93,90.5
70380000,1458.69,2.34,1.65,1.46,129.83,21.15,1.07,0.86,23.63,90.24
70440000,1454.26,2.48,1.59,1.44,131.93,21.19,0.84,0.78,24.28,90.41
70500000,1469.53,2.33,1.54,1.41,128.18,21.0,0.8,0.58,24.64,90.37
70560000,1452.92,2.0,1.62,1.26,128.15,20.87,0.97,0.88,23.72,90.4
70620000,1473.71,2.3,1.61,1.47,134.25,20.57,0.9,0.66,23.89,90.13
70680000,1447.18,1.97,1.63,1.53,131.86,21.61,0.73,0.55,23.75,90.23
70740000,1457.72,2.27,1.54,1.16,123.09,20.94,0.89,0.79,23.23,90.88
70800000,1457.14,2.09,1.65,1.36,125.24,20.77,0.85,0.67,22.66,91.32
70860000,1460.89,2.15,1.65,1.32,126.74,21.01,0.88,0.67,23.44,91.05
70920000,1456.38,2.17,1.58,1.42,128.38,21.47,0.93,0.95,23.53,90.31
70980000,1454.86,1.97,1.61,1.27,124.18,20.93,0.92,0.8,23.68,90.22
71040000,1464.59,2.06,1.58,1.41,126.99,22.8,0.85,0.7,25.49,90.11
71100000,1464.46,2.02,1.57,1.5,126.19,22.78,0.8,0.66,24.0,90.74
71160000,1475.59,2.66,1.62,1.53,127.48,22.63,0.98,0.8,25.39,90.27
71220000,1455.53,2.06,1.63,1.32,123.37,22.91,0.88,0.72,25.49,90.12
71280000,1466.21,2.2,1.64,1.27,125.58,22.67,0.88,0.73,25.13,90.27
71340000,1469.67,2.09,1.65,1.41,122.56,22.74,0.79,0.81,25.55,89.98
71400000,1458.65,2.03,1.6,1.41,132.82,22.64,0.85,0.89,24.93,89.66
71460000,1456.7,2.42,1.54,1.23,125.46,23.07,0.77,0.62,25.37,89.87
71520000,1465.44,1.95,1.7,1.47,127.42,22.65,0.98,0.88,24.73,90.23
71580000,1440.61,1.92,1.58,1.47,121.05,22.73,1.01,1.0,24.77,90.24
71640000,1451.11,2.17,1.6,1.23,125.25,22.5,0.97,0.8,24.96,89.54
71700000,1456.06,2.44,1.66,1.39,120.92,23.17,0.81,0.65,25.64,89.98
71760000,1454.48,2.19,1.6,1.49,122.13,22.9,0.88,0.68,25.53,90.09
71820000,1459.87,2.04,1.5,1.34,127.61,22.93,0.86,0.67,23.9,90.36
71880000,1465.29,2.36,1.65,1.49,128.24,22.73,0.96,0.89,25.04,90.5
71940000,1467.07,2.26,1.63,1.45,126.43,22.77,1.0,0.92,24.92,90.29
72000000,1467.51,2.36,1.56,1.35,122.84,22.49,0.73,0.75,24.89,90.13
72060000,1458.7,2.0,1.61,1.38,123.49,22.48,0.79,0.7,24.71,91.01
72120000,1464.7,2.62,1.52,1.56,122.77,23.23,0.94,0.72,26.65,90.01
72180000,1451.47,2.0,1.58,1.25,116.64,22.76,0.79,0.68,25.04,90.44
72240000,1454.01,2.37,1.61,1.37,131.61,22.62,1.04,0.84,25.61,90.01
72300000,1447.66,2.22,1.68,1.31,122.57,22.84,0.69,0.61,25.41,90.01
72360000,1440.86,1.83,1.6,1.25,124.05,22.71,0.85,0.69,24.2,90.26
72420000,1449.37,2.22,1.51,1.24,124.81,22.8,0.75,0.73,24.59,90.14
72480000,1439.46,2.07,1.63,1.26,124.74,23.05,1.16,1.03,25.16,89.67
72540000,1463.4,2.26,1.63,1.68,125.41,22.52,0.93,0.79,25.22,90.21
72600000,1440.13,2.45,1.55,1.23,121.52,22.71,1.03,0.93,24.91,90.63
72660000,1462.06,2.1,1.57,1.36,129.91,22.46,0.98,1.02,24.53,90.08
72720000,1463.22,2.08,1.58,1.39,127.67,22.51,0.72,0.57,24.31,90.21
72780000,1444.33,1.97,1.47,1.51,121.9,23.17,0.91,0.79,24.58,90.54
72840000,1445.29,2.39,1.61,1.44,119.2,22.7,0.81,0.67,24.85,90.48
72900000,1453.94,2.33,1.59,1.5,130.33,23.01,0.8,0.68,25.51,89.97
72960000,1436.96,2.42,1.58,1.19,124.66,22.84,0.73,0.65,25.47,90.23
73020000,1458.99,2.18,1.51,1.41,126.56,22.76,0.86,0.61,25.33,89.86
73080000,1441.39,2.57,1.68,1.28,123.33,22.77,0.75,0.73,25.73,89.98
73140000,1435.63,2.19,1.6,1.33,124.24,22.82,0.81,0.59,25.37,90.14
73200000,1442.69,2.3,1.64,1.39,125.46,22.94,0.84,0.8,25.33,90.21
73260000,1452.51,1.82,1.55,1.55,129.76,22.76,1.03,0.88,24.31,90.44
73320000,1455.97,2.11,1.59,1.4,124.82,22.92,0.79,0.64,25.17,90.4
73380000,1442.22,2.08,1.63,1.38,122.49,22.6,0.92,0.84,25.0,90.27
73440000,1446.79,2.3,1.61,1.56,122.43,22.63,0.92,0.88,25.15,90.14
73500000,1433.32,1.82,1.65,1.37,122.0,22.66,0.92,0.76,24.31,90.26
73560000,1444.95,1.95,1.56,1.48,122.47,22.73,0.89,0.69,25.59,90.35
73620000,1443.76,2.44,1.53,1.21,123.36,22.52,0.89,0.69,26.0,90.47
73680000,1445.39,2.13,1.65,1.44,121.16,22.74,0.88,0.89,25.09,90.13
73740000,1445.25,2.36,1.58,1.41,124.39,22.85,0.95,0.83,25.71,89.61
73800000,1436.26,1.77,1.67,1.4,121.88,22.71,0.89,0.78,24.78,89.84
73860000,1451.34,2.26,1.62,1.3,127.02,22.66,1.01,0.97,24.78,89.86
73920000,1442.16,2.4,1.64,1.51,122.91,22.54,0.98,0.8,25.49,90.55
73980000,1437.67,2.27,1.49,1.38,121.4,22.6,0.93,0.79,25.14,90.36
74040000,1432.76,2.02,1.6,1.39,124.09,22.6,1.05,0.85,24.93,90.32
74100000,1460.28,2.13,1.58,1.54,130.77,22.41,0.64,0.5,24.83,90.11
74160000,1443.08,2.49,1.55,1.36,124.06,22.61,0.95,0.79,25.07,89.77
74220000,1445.4,1.95,1.57,1.18,123.38,22.52,0.81,0.61,24.84,90.42
74280000,1439.67,2.06,1.58,1.44,124.32,22.65,0.96,0.85,25.72,89.84
74340000,1441.47,2.14,1.6,1.34,121.53,22.55,0.75,0.76,24.36,89.96
74400000,1430.73,1.75,1.6,1.38,126.67,22.69,1.0,0.81,24.73,90.03
74460000,1433.31,1.98,1.69,1.31,125.83,22.74,0.83,0.79,24.54,90.69
74520000,1440.49,1.88,1.67,1.35,124.41,22.78,0.85,0.66,24.51,90.25
74580000,1441.0,1.71,1.59,1.44,127.87,22.53,0.93,0.75,23.71,90.82
74640000,2886.11,15.26,1.47,5.85,249.22,25.55,1.53,1.3,46.86,86.19
74700000,2885.99,15.01,1.47,5.92,244.6,25.35,1.72,1.58,45.64,85.93
74760000,2897.78,15.17,1.53,5.92,252.41,24.94,1.51,1.22,46.36,86.35
74820000,2882.54,15.12,1.52,5.93,248.12,25.36,1.65,1.45,45.13,86.58
74880000,2879.08,15.07,1.5,5.72,248.45,25.44,1.85,1.68,46.76,85.81
74940000,2899.15,15.27,1.53,5.81,253.9,25.53,1.71,1.51,46.37,85.81
75000000,2851.51,14.39,1.58,5.69,246.68,25.2,1.44,1.21,44.87,85.65
75060000,2857.85,15.19,1.55,5.74,248.69,25.66,1.71,1.49,46.44,85.97
75120000,2869.15,14.74,1.6,5.74,247.81,25.12,1.8,1.6,45.59,86.55
75180000,2863.92,14.57,1.5,5.71,249.7,25.27,1.67,1.46,45.73,86.41
75240000,2875.16,15.21,1.49,5.68,252.26,25.13,1.64,1.52,45.55,86.24
75300000,2872.0,14.94,1.52,5.88,245.26,25.38,1.7,1.5,46.5,86.22
75360000,2881.09,14.8,1.42,5.79,250.87,25.05,1.69,1.44,45.11,86.1
75420000,2871.68,14.69,1.36,5.88,247.28,25.34,1.49,1.44,45.3,85.6
75480000,2905.49,15.36,1.51,5.78,246.79,25.19,1.75,1.57,46.09,85.9
75540000,2885.1,14.98,1.45,5.8,246.87,25.42,1.55,1.2,46.06,85.66
75600000,2888.87,14.7,1.49,5.83,254.23,25.11,1.65,1.44,45.66,86.32
75660000,2890.29,14.67,1.58,5.82,249.14,25.33,1.67,1.33,45.69,85.79
75720000,2880.73,15.24,1.5,5.68,249.66,25.13,1.75,1.51,46.94,85.47
75780000,2874.18,14.91,1.51,5.71,249.4,24.92,1.67,1.47,46.14,85.79
75840000,2878.8,15.02,1.54,5.63,251.48,25.21,1.63,1.26,45.7,85.78
75900000,2884.76,14.92,1.5,5.82,252.13,25.1,1.66,1.49,46.98,85.96
75960000,2896.5,15.43,1.56,5.95,246.84,25.4,1.6,1.39,46.34,85.67
76020000,2889.54,15.11,1.48,5.93,246.51,25.53,1.65,1.45,45.92,85.49
76080000,2916.96,15.96,1.34,5.95,253.46,25.3,1.79,1.46,46.92,85.37
76140000,2900.82,15.02,1.55,5.72,247.87,25.5,1.71,1.47,46.18,86.26
76200000,2913.35,15.63,1.46,5.92,247.78,25.5,1.67,1.44,46.89,85.77
76260000,2900.42,15.06,1.46,6.11,246.64,25.08,1.54,1.38,47.22,86.03
76320000,2887.94,15.11,1.5,5.86,242.36,25.72,1.73,1.44,46.83,86.37
76380000,2902.59,15.22,1.54,5.83,255.3,25.44,1.62,1.48,46.35,85.63
76440000,2889.51,14.83,1.62,5.85,246.37,25.2,1.7,1.49,45.54,86.01
76500000,2909.82,15.44,1.49,5.72,250.92,25.33,1.74,1.54,47.16,85.7
76560000,2932.48,15.78,1.52,5.95,252.56,25.12,1.82,1.49,47.82,85.3
76620000,2927.18,15.55,1.47,5.95,256.8,24.92,1.65,1.48,47.49,85.7
76680000,2913.59,15.63,1.54,6.03,249.77,25.3,1.65,1.46,46.96,85.72
76740000,2909.0,15.42,1.52,5.8,250.97,25.38,1.61,1.42,47.09,85.62
76800000,2906.0,15.65,1.52,5.83,254.87,25.22,1.69,1.36,47.44,85.78
76860000,2912.1,15.41,1.5,5.85,250.57,25.1,1.57,1.28,46.56,85.69
76920000,2931.21,15.61,1.47,5.92,254.39,25.27,1.64,1.41,47.07,85.64
76980000,2899.6,14.99,1.44,5.84,241.7,25.69,1.74,1.38,45.43,86.4
77040000,2892.78,15.5,1.59,5.82,248.57,25.21,1.61,1.41,46.68,85.7
77100000,2915.35,15.45,1.4,6.03,249.33,25.48,1.74,1.52,46.59,85.62
77160000,2925.51,15.44,1.53,6.0,249.35,25.49,1.63,1.24,47.2,85.4
77220000,2917.1,15.53,1.52,5.9,250.65,25.62,1.7,1.42,46.29,86.18
77280000,2924.21,15.64,1.47,6.09,249.44,25.44,1.8,1.62,47.46,85.32
77340000,2924.76,15.69,1.53,5.75,250.68,25.29,1.8,1.48,46.98,86.08
77400000,2908.44,15.31,1.46,5.9,251.48,25.3,1.77,1.36,47.06,85.61
77460000,2923.16,15.69,1.51,5.85,255.63,25.63,1.48,1.29,47.32,85.0
77520000,2948.84,15.99,1.43,6.16,255.3,25.9,1.76,1.56,47.75,85.33
77580000,2935.17,15.92,1.56,5.94,257.36,24.94,1.53,1.26,47.58,85.17
77640000,2915.41,15.16,1.43,5.66,252.75,25.65,1.78,1.6,46.26,85.61
77700000,2911.24,15.72,1.46,5.84,248.51,25.56,1.85,1.63,47.22,86.15
77760000,2902.59,15.14,1.51,5.93,250.23,25.34,1.63,1.4,46.71,85.69
77820000,2926.72,15.86,1.49,6.15,254.13,25.2,1.69,1.47,47.93,86.0
77880000,2941.86,15.85,1.54,5.95,252.28,25.18,1.69,1.46,48.63,85.32
77940000,2940.68,16.01,1.47,6.03,251.75,25.3,1.79,1.57,47.82,85.51
78000000,2906.89,15.58,1.45,5.8,253.93,25.4,1.62,1.37,47.01,85.65
78060000,2948.75,16.09,1.49,6.1,254.56,25.24,1.64,1.29,47.65,85.32
78120000,2919.06,15.62,1.55,6.1,246.19,25.33,1.59,1.35,48.18,85.67
78180000,2935.27,15.78,1.53,5.94,253.09,25.19,1.78,1.57,47.41,85.54
78240000,2947.6,15.96,1.5,6.06,256.13,26.99,1.58,1.34,48.6,85.17
78300000,2931.11,15.56,1.5,5.93,250.26,27.28,1.39,1.1,48.67,85.44
78360000,2951.93,15.52,1.56,6.23,256.79,26.95,1.73,1.52,48.82,84.62
78420000,2932.06,15.8,1.47,6.1,248.56,27.13,1.73,1.42,49.8,85.28
78480000,2956.64,16.21,1.6,6.15,258.27,26.84,1.77,1.45,49.41,84.83
78540000,2946.45,16.12,1.64,6.09,249.95,26.97,1.78,1.49,48.86,84.72
78600000,2932.73,15.53,1.58,5.91,254.37,26.75,1.53,1.36,49.13,85.08
78660000,2919.08,15.59,1.6,6.03,249.78,27.02,1.52,1.23,49.31,85.07
78720000,2892.37,15.22,1.52,5.96,248.33,26.56,1.63,1.4,48.43,85.66
78780000,2931.26,15.79,1.48,6.09,255.35,27.5,1.56,1.46,49.08,84.8
78840000,2907.19,15.65,1.46,5.77,251.91,27.07,1.77,1.57,48.42,86.09
78900000,2938.75,15.76,1.52,5.96,253.01,26.9,1.81,1.45,49.67,84.75
78960000,2932.78,16.01,1.43,5.99,253.55,27.16,1.68,1.5,49.76,85.29
79020000,2918.34,15.73,1.47,6.04,249.96,27.19,1.63,1.29,49.01,85.77
79080000,2947.73,15.95,1.47,6.16,253.46,27.07,1.34,1.06,49.42,84.76
79140000,2921.79,15.77,1.49,6.03,253.61,27.4,1.52,1.38,49.59,85.81
79200000,2915.93,15.51,1.46,6.06,254.49,27.08,1.83,1.56,48.48,85.37
79260000,2911.95,15.14,1.54,5.9,248.13,27.03,1.59,1.37,48.04,85.35
79320000,2898.49,15.65,1.49,5.83,246.25,26.96,1.59,1.38,48.55,85.25
79380000,2885.41,15.09,1.59,5.82,246.39,27.27,1.64,1.46,48.91,85.42
79440000,2905.19,15.42,1.55,5.99,252.39,27.1,1.5,1.35,47.88,85.42
79500000,2925.88,16.06,1.45,6.15,255.24,27.3,1.6,1.25,49.01,85.0
79560000,2907.37,15.41,1.44,6.07,248.77,27.27,1.5,1.46,49.02,85.51
79620000,2937.84,15.86,1.59,6.27,255.28,26.95,1.69,1.48,49.07,84.89
79680000,2918.68,15.7,1.45,5.93,248.44,26.84,1.8,1.58,48.8,85.63
79740000,2929.21,15.86,1.48,5.94,249.41,27.28,1.65,1.42,50.44,85.64
79800000,2921.63,15.87,1.36,5.83,248.09,27.39,1.69,1.43,48.6,85.58
79860000,2885.49,14.72,1.49,5.93,249.36,27.19,1.61,1.47,47.32,85.58
79920000,2887.11,14.78,1.48,5.69,251.5,26.92,1.46,1.27,47.68,85.02
79980000,2885.09,15.2,1.42,5.78,247.81,27.33,1.85,1.59,47.31,85.72
80040000,2927.1,16.15,1.52,6.01,254.8,27.38,1.61,1.44,50.84,85.06
80100000,2880.32,14.86,1.5,5.84,244.54,27.34,1.62,1.42,47.47,85.57
80160000,2874.77,14.56,1.44,5.87,243.99,26.94,1.88,1.73,47.89,85.88
80220000,2904.9,15.36,1.53,5.67,246.93,26.89,1.73,1.44,48.14,85.66
80280000,2861.45,14.76,1.55,5.86,252.35,26.96,1.73,1.45,47.96,85.28
80340000,2882.45,15.23,1.51,5.78,249.35,26.71,1.67,1.38,48.02,85.85
80400000,2888.09,14.83,1.52,5.81,251.18,27.12,1.6,1.26,47.7,85.83
80460000,2894.58,15.22,1.51,5.73,251.4,27.09,1.72,1.4,49.12,85.07
80520000,2881.32,14.82,1.54,5.74,248.46,27.14,1.61,1.29,47.75,85.38
80580000,2892.32,15.22,1.52,6.0,249.96,27.14,1.67,1.51,48.57,85.5
80640000,2885.07,15.07,1.6,5.66,247.55,27.11,1.6,1.3,48.7,85.1
80700000,2867.39,15.08,1.47,5.79,245.69,27.23,1.55,1.22,48.47,85.74
80760000,2876.71,14.91,1.55,5.81,250.28,26.84,1.7,1.43,47.86,85.23
80820000,2910.72,15.34,1.51,5.88,245.57,27.44,1.72,1.46,49.11,85.29
80880000,2877.51,14.75,1.49,5.79,245.85,27.22,1.68,1.36,47.23,85.7
80940000,2870.33,14.7,1.44,5.73,249.74,27.33,1.58,1.41,48.05,85.36
81000000,2856.65,15.32,1.56,5.83,248.68,27.02,1.83,1.55,48.45,85.21
81060000,2876.85,14.86,1.49,5.83,251.87,26.87,1.66,1.5,47.73,85.43
81120000,2877.64,15.38,1.41,5.76,249.62,26.99,1.64,1.42,48.14,85.82
81180000,2878.18,15.57,1.53,5.84,244.49,27.31,1.65,1.53,48.17,85.18
81240000,2869.54,14.67,1.54,5.88,246.76,26.93,1.67,1.57,47.26,85.21
81300000,2867.21,14.76,1.55,5.91,239.17,27.28,1.58,1.42,47.65,85.19
81360000,2838.35,14.02,1.52,5.52,246.55,27.02,1.77,1.5,45.99,85.71
81420000,2887.57,15.15,1.5,5.89,249.8,27.24,1.57,1.29,48.04,85.17
81480000,2866.48,14.72,1.53,5.71,246.9,27.08,1.44,1.31,47.47,85.46
81540000,2875.95,14.9,1.43,5.65,245.61,26.87,1.65,1.37,47.18,85.83
81600000,2862.3,14.75,1.46,5.66,246.5,27.06,1.5,1.21,47.63,84.58
81660000,2884.08,15.11,1.45,5.83,249.31,26.8,1.71,1.49,47.87,85.54
81720000,2854.77,14.15,1.46,5.94,248.66,26.88,1.38,1.28,46.52,85.64
81780000,2863.32,14.8,1.52,5.72,247.23,27.17,1.77,1.55,48.28,85.2
81840000,2870.54,14.93,1.51,5.82,242.64,28.95,1.67,1.35,49.5,85.05
81900000,2871.08,14.84,1.53,5.87,251.51,28.74,1.74,1.46,49.05,85.41
81960000,2846.7,14.26,1.56,5.81,248.97,28.68,1.45,1.31,48.76,84.72
82020000,2871.39,14.54,1.5,5.84,247.07,28.72,1.71,1.35,49.4,85.27
82080000,2887.25,15.06,1.43,5.75,250.06,28.76,1.78,1.73,49.48,85.37
82140000,2871.04,15.03,1.45,5.87,247.01,28.86,1.66,1.55,50.63,84.91
82200000,2845.59,14.6,1.49,5.77,244.87,28.9,1.67,1.27,48.99,84.93
82260000,2882.12,14.9,1.49,5.84,243.3,28.77,1.55,1.34,49.04,84.88
82320000,2871.28,14.74,1.46,5.78,246.66,28.85,1.5,1.3,49.19,85.16
82380000,2877.94,14.91,1.54,5.69,245.47,28.52,1.73,1.42,49.06,85.33
82440000,2882.75,14.53,1.52,5.88,245.9,28.58,1.85,1.56,48.81,85.46
82500000,2874.03,14.81,1.46,5.8,240.6,28.75,1.66,1.32,49.45,85.51
82560000,2868.21,14.69,1.56,5.78,243.34,28.43,1.67,1.47,49.4,84.82
82620000,2868.4,14.62,1.56,5.74,248.07,28.71,1.88,1.42,48.99,85.11
82680000,2862.58,14.85,1.45,5.57,246.13,28.63,1.7,1.36,49.93,84.6
82740000,2873.72,15.01,1.62,5.86,250.94,28.69,1.72,1.46,49.76,85.12
82800000,2866.48,14.86,1.46,5.8,246.31,28.85,1.7,1.37,49.26,85.78
82860000,2870.33,14.43,1.43,5.78,244.35,28.41,1.61,1.2,48.69,84.76
82920000,2913.03,15.24,1.51,6.12,250.44,28.9,1.58,1.36,49.5,85.06
82980000,2880.03,15.01,1.42,5.81,250.24,28.65,1.57,1.16,50.48,85.09
83040000,2903.44,15.32,1.53,5.94,255.17,28.77,1.42,1.29,50.17,85.18
83100000,2878.95,15.04,1.51,5.68,250.28,29.36,1.64,1.32,49.95,85.01
83160000,2861.93,14.36,1.48,5.57,245.28,28.73,1.54,1.4,48.58,84.79
83220000,2899.83,15.1,1.37,5.92,255.86,28.66,1.62,1.34,49.73,85.3
83280000,2884.68,14.82,1.48,5.99,253.45,28.68,1.81,1.53,50.26,84.84
83340000,2907.85,15.45,1.61,6.01,253.34,28.9,1.63,1.45,49.84,85.12
83400000,2892.88,15.25,1.48,5.83,246.66,28.72,1.57,1.34,50.73,85.21
83460000,2898.18,15.25,1.56,5.8,254.17,28.63,1.67,1.47,50.87,84.55
83520000,2900.6,15.56,1.46,5.91,248.04,28.5,1.5,1.35,50.15,85.7
83580000,2898.16,15.4,1.62,5.76,251.32,28.85,1.63,1.39,49.67,84.98
83640000,2930.72,15.48,1.48,6.01,254.41,28.75,1.71,1.5,51.26,84.53
83700000,2933.51,15.89,1.58,5.98,250.36,28.92,1.72,1.62,50.01,84.94
83760000,2920.54,15.9,1.57,5.79,252.99,28.88,1.59,1.24,51.65,84.38
83820000,2912.05,15.3,1.42,5.85,251.21,28.96,1.66,1.4,49.18,84.95
83880000,2899.67,14.97,1.55,5.91,248.95,28.62,1.53,1.3,50.1,84.75
83940000,2931.86,15.65,1.46,6.06,256.19,28.82,1.62,1.27,50.58,85.07
84000000,2925.67,15.32,1.5,6.04,245.96,28.69,1.68,1.54,49.16,84.82
84060000,2908.56,15.21,1.48,5.84,250.15,28.84,1.68,1.52,49.61,85.12
84120000,2889.68,14.83,1.44,5.75,250.66,28.65,1.75,1.45,49.38,84.62
84180000,2927.41,15.7,1.54,6.12,252.79,28.77,1.75,1.61,50.85,84.49
84240000,2912.2,15.55,1.47,6.2,251.87,28.76,1.64,1.41,49.98,84.36
84300000,2926.84,15.5,1.51,5.92,250.23,28.88,1.67,1.5,50.05,85.13
84360000,2897.28,15.13,1.43,5.83,243.33,28.76,1.71,1.54,49.35,85.46
84420000,2890.66,15.24,1.58,5.94,257.11,28.71,1.62,1.36,50.23,85.08
84480000,2887.55,14.77,1.46,5.75,247.36,28.74,1.69,1.36,49.5,85.0
84540000,2924.51,15.81,1.47,5.99,256.8,28.85,1.81,1.66,51.1,84.6
84600000,2927.57,15.63,1.48,6.04,251.74,28.72,1.77,1.55,51.49,85.16
84660000,2938.13,15.77,1.53,5.98,248.67,28.8,1.79,1.54,50.58,85.06
84720000,2908.01,15.09,1.56,5.88,250.3,29.14,1.86,1.64,49.46,85.29
84780000,2905.0,15.46,1.54,6.01,249.2,28.66,1.52,1.34,50.82,84.82
84840000,2924.31,15.79,1.56,6.08,248.52,28.68,1.69,1.5,50.79,84.95
84900000,2920.12,15.85,1.47,6.09,250.9,28.72,1.73,1.54,50.5,84.93
84960000,2911.73,14.93,1.53,5.95,252.7,28.76,1.62,1.34,49.14,85.42
85020000,2935.83,15.62,1.44,6.05,255.93,28.84,1.74,1.49,50.69,84.73
85080000,2931.12,15.51,1.55,6.06,250.63,28.73,1.6,1.32,50.38,84.48
85140000,2933.3,15.51,1.43,6.08,249.22,29.15,1.72,1.52,50.57,85.12
85200000,2915.95,15.66,1.54,6.06,253.95,28.91,1.66,1.46,49.79,85.11
85260000,2931.97,15.81,1.53,5.96,256.43,28.67,1.54,1.4,51.15,84.82
85320000,2914.71,15.35,1.53,6.0,253.18,28.94,1.62,1.37,49.36,84.85
85380000,2956.94,16.29,1.43,6.29,256.58,28.74,1.66,1.42,51.47,84.78
85440000,2929.52,15.5,1.48,5.98,250.79,30.43,1.69,1.26,52.69,84.49
85500000,2915.35,15.65,1.44,6.08,247.88,30.33,1.64,1.5,53.04,84.6
85560000,2944.06,16.09,1.47,6.12,252.39,30.31,1.7,1.37,51.93,84.62
85620000,2927.1,15.99,1.45,6.0,252.61,29.66,1.69,1.43,53.19,84.38
85680000,2925.96,15.51,1.53,6.11,253.87,30.4,1.73,1.38,52.22,84.8
85740000,2945.21,15.92,1.47,6.05,257.08,30.34,1.67,1.52,52.22,84.1
85800000,2959.07,16.37,1.56,6.19,256.87,30.52,1.66,1.47,54.21,83.49
85860000,2936.58,16.0,1.5,6.03,252.14,30.24,1.78,1.51,52.31,84.39
85920000,2933.94,16.02,1.43,6.2,249.51,30.06,1.8,1.58,52.29,84.29
85980000,2952.6,16.06,1.47,6.08,257.3,30.2,1.63,1.47,53.22,84.59
86040000,2923.52,15.6,1.41,6.09,253.87,30.28,1.84,1.39,51.96,84.2
86100000,2915.88,15.58,1.55,5.84,249.89,30.1,1.88,1.48,53.16,84.92
86160000,2958.55,16.42,1.53,6.18,261.43,30.48,1.61,1.33,53.25,84.44
86220000,2887.29,14.74,1.44,6.02,252.42,30.3,1.48,1.35,50.89,85.73
86280000,2917.73,15.73,1.44,6.09,248.72,30.38,1.82,1.49,52.89,84.52
86340000,2913.56,15.48,1.55,6.07,252.79,30.01,1.87,1.63,52.71,84.68
